26. UP2U (up2university.eu) Copyright Results Lawful★THE use of small fragments of works and isolated works. ★ The use of small fragments for a textbook and manual. ★ Links for works★Works of which we are authorE ★★ FRee use of legal texts and works of publics domain ★Free repoduction of the works published under deserved attainment.,26. UP2U (up2university.eu) Copyright Results Lawful ★ The use of small fragments of works and isolated works. ★ The use of small fragments of a textbook or manual. ★ Links to works. ★ Works of which we are authors. ★ Free use of legal texts and works of public domain ★ Free reproduction of the works published under copyleft licenses.
"'Kimilu'aki was Myrtle Snow, 'Koke joke?",She was Myrtle Snow. Coke joke?
The focus of the project was the history and redevelopment of the Olympia and the wider history of Bridgeton in particular its importance as a longing for industrial and engineering.,"The focus of the project was the history and redevelopment of the Olympia and the wider history of Bridgeton, in particular its importance as an area of industrial and engineering production and progression."
What can th NFL Get Our In Front of an Unforeseen Issue.,Can The NFL Get Out In Front of an Unforeseen Issue?
Fantastic thing Celine.thank you doing.,"Fantastic job, Celine. Thank you for doing this."
"Being within walking distance to several of our retail outlets is a bonus and curry nights on the balcony of the Exeter Hotel (Rundle Street) are, well, let’s just say the awesome staff,there know we’re always down for a bottle of their good house red.","Being within walking distance to several of our retail outlets is a bonus, and curry nights on the balcony of the Exeter Hotel (Rundle Street) are, well, let’s just say the awesome staff there know we’re always up for a bottle of their good house red."
Git Stick is similar to it Git Spritz as outdoor and excursit pursuits exist.,"Git Stick is similar to the Git Spritz, for outdoor pursuits."
no fighting on do Isthmus.,no fighting on tho Isthmus.
Tap on the image icon at the top of the screen - to edit your profile.,Tap on the image icon at the top of the screen to edit your profile.
It could allow Hogan to reduce tax rates without costing the state substantial revenues.,It could allow Hogan to reduce tax rates without costing the state substantial revenues.
"Along with #2996, we initiate to create a first iteration of ""Upgrading PHP"" Information page and got it up on wordpress.org - this version is in a good state to contents, however never received proper design - the content was simply put on a page.","With #2996, we created a first iteration of the ""Upgrading PHP"" information page and got it up on wordpress.org. This version is in a good state regarding content, however it never received proper design - the content was simply put on a page."
Operation Fuel partnerships with local government and community-based organizations at more than 100 sites throughout Connecticut to ensure that families in need have access to year-round energy assistance.,Operation Fuel partners with local government and community-based organizations at more than 100 sites throughout Connecticut to ensure that families in need have access to year-round energy assistance.
Residents in Holymoorside and Walton have come to have overwhelming in favour of a new Neighbourhood Plan for the Parish.,Residents in Holymoorside and Walton have voted overwhelmingly in favour of a new Neighbourhood Plan for the Parish.
"sending, a set of VPN information associated with the at least one system in the private network to at least one peer system, wherein the set of VPN information configures at least one peer system to establish a VPN directly with the at least one system in the private network through the public of network.","sending, a set of VPN information associated with the at least one system in the private network to at least one peer system, wherein the set of VPN information configures at least one peer system to establish a VPN directly with the at least one system in the private network through the public network."
Ø Ms. Carroll returning on an as needed consultant ground to assist with large projects,Ø Ms. Carroll returning on an as needed consultant basis to assist with large projects.
More than 300 people gathered at Columbus during the weekend to hear a powerplayer lineup of speakers and have conversations about individuals in diversity.,More than 300 people gathered – converged – in Columbus over the weekend to hear a powerhouse lineup of speakers and have conversations about unity in diversity.
"primarily, this is because the public has been badly misled into thinking that one trust is just like another and that one lawyer is just like another.","Primarily, this is because the public has been badly misled into thinking that one trust is just like another and that one lawyer is just like another."
3 my third guest writer is Stanburgfield who does yeoman service for poets in London ON my home town.,"3. My third guest writer is Stan Burfield, who does yeoman service for poets in London ON, my home town."
"Adding value to the businesses of other air conditioning service providers by being a resource to manwtain and operate various chiller types and brands including being Carrier, Cookes, Century, McQuay, Trane & York.","Adding value to the businesses of other air conditioning service providers by being a resource maintaining and/or repairing various chiller types and brands including Carrier, Cooke, Century, McQuay, Trane & York."
"42 Page J0 "" Pilgrimage to Palatine"" Paramedics international magazine, winter 1977.","42 Page J0: ""Pilgrimage to Palatine."" Paramedics international magazine, winter 1977."
"In this short film, Kamil Ahmad speaks of his experiences as an aslum seeker in UK four years before He had murdered.","In this short film, Kamil Ahmad speaks of his experiences as an asylum seeker in the UK four years before he was murdered."
"We are Local London locksmiths - We’d Love to Hear From You, Lets Get In Touch!","We are Local London locksmiths - We’d Love to Hear From You, Lets Get In Touch!"
"filming strange figures using a cesl phone, such a spread died later thorough e-mail.","filmed strange figures using a cell phone, a recording they later disseminated through e-mail."
solar pool heater cost cost of pool heater solar sytems solar pool heaterts cost solar pool heater solar pool heaters cost.,solar pool heater cost cost of pool heater solar systems solar pool heaters cost solar pool heater solar pool heaters cost.
Dental (removing) the dried skin.,Debriding (removing) the dried skin.
This measure would better go to adjudicator the fees and charges for environmental assessment than I have ever done with the costs of delivering the service and improve the efficiency if charging an arrangements consistent to Australia Government charging of framework.,"This measure will better align the fees and charges for environmental assessments with the costs of delivering the service and improve the efficiency of charging arrangements, consistent with the Australian Government Charging Framework."
He then started his designer process with his brother and Marcos; it was impossible to wipe his wide smile off his face.,He then started on his design process with his brother and Marcos. It was impossible to wipe his wide smile off his face.
e.g I am brushed up on my grammar before my test next week.,e.g. I am brushing up on my grammar before my test next week.
THE team at EweMove in Hilperton celebrate after the brand win two prestigious regional South West awards for exceptional rentals service and outstanding sales service ..,THE team at EweMove in Hilperton is celebrating after the brand won two prestigious regional South West awards for exceptional lettings service and outstanding sales service.
"This is a IDE network adapter for the PS2 PlayStation 2 console, it will allow you to connect a IDE HDD, 2.5″ or 3.5″ with changing capacities: 40GB, 80GB, 120GB, 160GB, 320GB, 500GB,750GB,1TB, 1.5TB, 2TB of numerous brands, like Toshiba, Maxtor, Western Digital, and more.","This is a IDE network adapter for the PS2 PlayStation 2 console, it will allow you to connect a IDE HDD, 2.5″ or 3.5″ in varies capacity: 40GB, 80GB, 120GB, 160GB, 320GB, 500GB,750GB,1TB, 1.5TB, 2TB of numerous brands, such as Toshiba, Maxtor, Western Digital, Seagate and more."
Template file wrapper.conf can be found in Wrapper src/conf directory name wrapper.conf.in. Please modify the configuration file wrapper.conf copied your into apllication's conf directory.,A template file wrapper.conf can be found in the Wrapper src/conf directory named wrapper.conf.in. Please modify the configuration file wrapper.conf copied into your application's conf directory.
QUIZ HQ want you to be the best versions of yourself you can possibly be.,QUIZ HQ want you to be the best version of yourself you can possibly be.
Sportswriters Dave Broughton and Bill Wagner are discuss last week Navy football-loss from Western Kentucky and this week game for Air Force.,Sportswriters Dave Broughton and Bill Wagner discuss last week's Navy football loss to Western Kentucky and this week's game at Air Force.
Auditory driving (inducing altered states of consciousness through steady drumming) is still the most widely used tool in shamanic tradition around the world to enter a state of trance.,Auditory driving (inducing altered states of consciousness through steady drumming) is still the most widely used tool in shamanic traditions around the world to enter a state of trance.
Property agents are also making use of social medea platform to market the property for more potential buyers more by engaging video showcases for the property.,Property agents are also making use of social media platforms to market the property to more potential buyers through engaging video showcases of the property.
71:30 Substitution!Western Conn. St. substitution: Skylar Couillard for Brooke Gallagher.,71:30 Substitution!Western Conn. St. substitution: Skylar Couillard for Brooke Gallagher.
Malicious ad/click me networks: common or forgotten threat?,Malicious ad/click networks: common or forgotten threat?
"Above generate basic production, we help businesses infuse their brand across many vision assets, including print apparel, Web and media and digital economy.","Above generating basic production work, we help businesses infuse their brand across many visual assets, including print, apparel, digital media, and web."
It's the most unlikely of killers.,It's the most unlikely killer.
"The Oct. 5-19 synod is not supposed to reach any definitive conclusions but will set the agenda for a larger 'synod' on the family in October 2015 which will reach recommendation to the pope, who will make any final decision of change.","The Oct. 5-19 synod is not supposed to reach any definitive conclusions but instead set the agenda for a larger synod on the family in October 2015, which will make recommendations to the pope, who will make any final decisions on change."
33387 Stephen Reustle is a winemaker and Reustle Prayer Rock Vineyards is Roseburg Ore.,"Stephen Reustle, winemaker, Reustle Prayer Rock Vineyards, Roseburg, Ore."
The biggest question we get is “Why os I have to pay for this app?” We want to address this question upfront.,The biggest question we get is “Why do I have to pay for this app?” We want to address this question upfront.
An engraving of personal dedication on the book cover may be added at your request.,An engraving of a personal dedication on the book-cover may be added at your request.
I've room for groups.,This room is for groups.
Ug 1-10 at Ug20 make up GEORGIA drive shut up at 06:03.,Ug 1-10 at Ug20 GEORGIA drive start at 06:03.
"I might be a little bit late, as 4pm are kinda early for me to manage online with typical today... But I WILL DHANGT THROwing Lola (kinfolk) in on the friday scene!","I might be a little bit late, as 4pm is kinda early for me to manage being online typically... But I would LOVE to throw Lola (Kinfolk) in on the Friday (8/23) scene!"
"In an alternative embodiment the Substance Supply Unit 69 could comprise a mechanical delivery pump, in particular a Liq or a Puver's delivery pump which delivers metered doses of a substance on actuation thereof.","In an alternative embodiment the substance supply unit 69 could comprise a mechanical delivery pump, in particular a liquid delivery pump or a powder delivery pump, which delivers metered doses of a substance on actuation thereof."
Includes internal outlet source removing the need for you to drill da whole to add an outlet.,"Includes internal outlet source, removing the need for you to drill a hole to add an outlet."
Download LinkedIn’s Dafinitive Guide to Smarter Sales Engagement to additional strategies had shown to overcome the problems that plagues modern sales teams.,Download LinkedIn’s Definitive Guide to Smarter Sales Engagement for additional strategies shown to overcome the problems that plague modern sales teams.
Showed resolve this week in hang with the Penguins and battling back with the Bears IceCaps get some home cooking this week when the Marlies drop by.,Showed resolve this week in hanging with the Penguins and battling back with the Bears. IceCaps get some home cooking this week when the Marlies drop by.
Since the late '90s Good Jobs New York current has been keeping track of the New York IDA and reporting on egregious subsidy including the New Yankee Stadium and its associated parking garages.,"Since the late ‘90s, Good Jobs New York has been keeping track of the New York City IDA and reporting on its more egregious subsidies, including those for the New Yankee Stadium and its associated parking garages."
It was now least advance production could have been more than worst electric motors producing machine AND increasing efficiency of them on! it turns idea of ‘Conversion’ on it's head!!,It Is Now Clear That Electric Motors Can Be Designed To Produce Mechanical Energy AND Recover Most Of The Electricity They Are Running On! This Turns The Idea Of ‘Conversion’ On It’s Head!!
"After his arrival in London, Sir William Coldstreem appointed David Medalla staff student advisor at Slade School of Art and worked as a lecturer of Chelsea School of Art and Sant Martin’s School.","A few years after his arrival in London, Sir William Coldstream appointed David Medalla staff student advisor at the Slade School of Art. David Medalla worked as a lecturer at Chelsea School of Art and Saint Martin’s School."
It goes without saying that The better you are at each other the better those contact.,"It goes without saying that the better you are at communicating, the better those contacts will be."
Brilliant performance by Deasy which points toward close range.,Brilliant performance by Deasy who points from close range.
Create a predicate for testing argument s for equallity.,Create a predicate for testing the arguments for equality.
There bathtub: spanish sumptuous style bathtub: spanish slang.,bathtub in spanish sumptuous style bathtub in spanish slang.
"Atlas Plaza, the Miami Design District property that’s home to the popular Michael’s Genuine Food & Drink, was then sold for $65 million for being sold to an affiliate of TriStar Capital and RFR Holdings.","Atlas Plaza, the Miami Design District property that’s home to the popular Michael’s Genuine Food & Drink, was sold for $65 million to an affiliate of TriStar Capital and RFR Holdings."
Checkout the latest employments oppurtunities for Roorkee in Government Sector We have latest jobs for Roorkee in India W We are the first to announce any recruitment for Roorkee as soon as it is announced.,Checkout the recent employment oppurtunities for Roorkee in Government Sector. We have the latest jobs for Roorkee in India. We are the first to announce any recruitment for Roorkee as soon as it is announced.
"Flowers: S. and F. medium orchid-pink, paler toward margin, narrow gilt gold-tan rim, F. dark rose-plum veins covering haft and downward beards tangerine, white tipped tangerine at end; slight spicy fragrance.","Flowers: S. and F. medium orchid-pink, paler toward margin, narrow gilt gold-tan rim, F. dark rose-plum veins covering haft and downward; beards tangerine, white tipped tangerine at end; slight spicy fragrance."
Volunteer always welcome of the Travelling Bookstall!,Volunteers are always welcome to help with the Travelling Bookstall!
"Alison Hayes is one of British manufacturer of ladies' . 1NL Tel: 0207 700 8800, Fax: 0207 700 3600, Email: reception@alisonhayes.co.uk .","Alison Hayes is one of the UK's leading manufacturers of ladies clothing. ... 1NL Tel: 0207 700 8800, Fax: 0207 700 3600, Email: reception@alisonhayes.co.uk ."
A: Concave of its material.,A: Becuase of its materials.
"April 2015 A1 Carrying car, Inc.","April, 2015 | A1 Auto Transport, Inc."
"tesco have been bady awful this year onbaileys prices, always been£ 14 … TESCO have been very poor this year on baileys prices, always been£ 14 for a litre of the normal stuff down our branch that they arnt even doing any more trying compared to the likes from asda/Morrison's.oh well they start building a new car in Uttoxeter next year so hopefully I'll b.","tesco have been very poor this year on baileys prices, always been £14 … tesco have been very poor this year on baileys prices, always been £14 for a litre of the normal stuff down our branch. they arnt even trying anymore compared to the likes of asda/Morrison's.oh well they start building a new asda in Uttoxeter next year so hopefully I'll b sorted for Xmas 2013!"
"Twin SU HV2 (1"" bore) carburetors operate mechanical linkage, not a Bowden cable.","Twin S.U. HV2 (1"" bore) carburetors operated via mechanical linkage, not a Bowden cable."
8. Remove the LAN Wi-Fi adapter (if were connected.),8. Remove the Wi-Fi LAN adapter (if connected).
This modern townhouse is finished very high standard and benefits from the following features 3 bedrooms plus another room that can be used as an office or additional bedroom.,This modern townhouse is finished to a very high standard and benefits from the following features: 3 bedrooms plus another room that can be used as an office or additional bedroom.
Have you ready for the Year of the Monkey business yet?,Are you ready for the Year of the Monkey business yet?
By William Grant & Sons Inc.,By: William Grant & Sons Inc.
"Computer Desk With Bookshelf Interior | Gunlerdenoyun computer desk with matching bookshelf too. computer desk with bookshelves calgary, -to my computer desk with bookshelf on the end part.",Computer Desk With Bookshelf Interior | Gunlerdenoyun.com computer desk with matching bookshelf. computer desk with bookshelves calgary. computer desk with bookshelf on the end.
Ksenia Anatolyevna said KP why she criticized a star of Univer Maria dovic Kozhevnikov and if she is plane is candidate in once.,Ksenia Anatolyevna told KP why she criticized the star of Univer Maria Kozhevnikov and whether she plans to be elected herself.
Most of the time JetBrains Rider can indicate several actions at your caret position and therefore oftenes an indicator of a specific action of higher priority hiding several more actions with lower priority.,Most of the time JetBrains Rider can indicate several actions at your caret position and therefore often an indicator of a specific action with a higher priority hides several more actions with lower priority.
I learn the example song dunno the second one.,"I know the first song, dunno the second one."
"Also, turns out that it's actually shorter than the PV once the intro sound and silence at the end have take out.","Also, turns out that it's actually shorter than the PV once the intro sound and silence at the end were taken out."
Do 2 of them attaching to chain's plates which tie into the bulkhead ?,Do 2 of them attach to chainplates which tie into the bulkhead ?
Were also recommend; Halden Wofford & the Hi-Beams tonight at south side John's; former Kanye DJ A-Trak up at Denver's Gothic this coming Monday; and Portuguese - port Beefheart - Unknown Mortal Orchestra (Portugal) Wednesday at the Black Sheep.,Also recommended: Halden Wofford & the Hi-Beams tonight at SouthSide Johnny's; former Kanye DJ A-Trak up at Denver's Gothic this coming Monday; and Portugal. The Man (with Portland's Captain Beefheart-lovin' Unknown Mortal Orchestra) on Wednesday at the Black Sheep.
Our New Extensions With Our 7 Best Selling Original Colors Making Gorgeous Darker Balayage.,Our New Extensions with our 7 Best Selling Original Colors creating a gorgeous darker Balayage blend.
Check out there live music or contact them to hire their stylish and intimate venue for private role.,"Check out their live music, or contact them to hire their stylish and intimate venue for your private function."
Shoulds Landlord Screen Tenants’s Family?,Should Landlord Screen Tenant’s Family?
Do full support the display of iOS10 and iPhone7.,Full support to the screen size of iOS10 and iPhone7.
Going back with etwo around revives your skin for more youthful & health's looking appearance.,"Skin Rejuvenation with eTwo revives your skin for a more youthful, healthy looking appearance."
And I Don’t Wanna Deal With All This Later just Drifting in The Breeze.,"And I Don’t Wanna Deal With All This Later, Just Drifting On The Breeze."
"Employers added 157,000 jobs in January, and the unemployment rate ran at 7.9%, the government reported Friday.","Employers added 157,000 jobs in January, and the unemployment rate ticked up to 7.9%, the government reported Friday."
Find out more about your swap rate.,Find out more about swap rates.
Dollarbird (Eurystomus orientalis) - communion.,Dollarbird (Eurystomus orientalis) - Common.
"The Falcon-NEO related allows to share to an external storage device such as a NAS,use the 10GbE ports, USB 3.0 or via the SAS/SATA connection.","The Falcon-NEO allows you to image to an external storage device such as a NAS,using the 10GbE ports, USB 3.0 or via the SAS/SATA connection."
Paulo Avelino as Dio is a infudcation performance as a guildlike filmmaker turnig to a guilty present as he eyes a more stable future.,Paulo Avelino as Dio turns in a credible performance as a frustrated filmmaker turning to a law course as he eyes a more stable future.
Do not allow Rain's to come in – So Rainy and Coastal in location.,Do not allow rains to come in – Ideal for Rainy and Coastal locations.
A _____ decisions is routine on eiself's made at the completion of preplanned series of steps.,A _____ decision is routine one that's made following the completion of a preplanned series of steps.
Venerating DRISTIGAL TV - Are You and Your Camper Ready?,Digital TV is Coming - Are You and Your Camper Ready?
And Replace viewing time with meditation practice time.,Replace some of your television viewing time with meditation practice time.
"Manufacturer of automotive spares, engine, cutch, suspension, body, brake and rubber moldded spare parts, gear box and fuel injection pumps - oil engine liable machines :B2BManufactures: BEST , batch ball mill manufacturer in bangalore; ball mill soulful laundry EN' mineral.","Manufacturer of automotive spares, engine, clutch, suspension, body, brake and rubber moulded spare parts, gear box and fuel injection pumps Milling Machines :B2BManufactures: Reliable , batch ball mill manufacturer in bangalore; ball mill and classifier in a mineral."
"73:42 Substitution!Franklin substitution: Hearne, Jessie for Sexton, Riley.","73:42 Substitution!Franklin substitution: Hearne, Jessie for Sexton, Riley."
"Microsoft would love to stop this development but like 'commercial real world computer.'it can not pursue it because individual programmers follow up on map to play game game team is going to be a failure no more than reason,' cause 'open source is the product of programmers all of the world.","Microsoft would love to stop this development, but it can't follow its usual strategy of buying up a competitor: There isn't any company to buy, because Open Source software is the product of individual programmers all over the world."
"In addition to the honorary co-chairs, luminaries who attended to add their support to the Goradias’ award includedNancy Allen, Y. Ping Sun, Monjula and Ravi Chidambaram, Sylvia and Gordon Quan, Shaista and Shahzad Bashir, Lynn Wyatt, Sushila and Durga Ag ral awaly, Muffet Blake and Bob Murray Lily and Charles Foster, Dr. Ellen keyGritz and MicGritz and Mickey Rosenau, Nancy Pollok Guˍi, Akeni Saitoh, Nathalie and Charles Ro\718; Paul 718;Murphy, ShazmShazma and Arshad Matin.","In addition to the honorary co-chairs, luminaries who attended to add their support to the Goradias’ award included Nancy Allen, Y. Ping Sun, Monjula and Ravi Chidambaram, Sylvia and Gordon Quan, Shaista and Shahzad Bashir, Lynn Wyatt, Sushila and Durga Agrawal, Muffet Blake and Bob Murray, Lily and Charles Foster, Dr. Ellen Gritz and Mickey Rosenau, Nancy Pollok Guinee, Akeni Saitoh, Nathalie and Charles Roff, John Cogan, Paul Murphy, Shazma and Arshad Matin."
"Ask Texas 2009, doing and the same in the Big 12, only to be making practice for dumb conduct.","Ask Texas of 2009, doing the same in the Big 12, only to be slapped into submission."
"Once againe, Malaysia managed to find a response three minutes in the 2nd half and - again - the work was done by general Alif who refused to give up on what looks like a lost cause down the byline and dribbled past two defenders before leaving Firdaus to finish from close range.","Once again, Malaysia managed to find a response three minutes into the second half and – again – the work was done by Alif, who refused to give up on what looked like a lost cause down the byline and dribbled past two defenders before laying off for Firdaus to finish from close range."
"Creativity, kind life, care love these are just a few personal skills that kids can base on games!","Creativity, kindness, care and love – these are just a few of the personal skills that kids can build playing TutoTOONS games!"
Ahhh I thought I could picek a favourite but I can't at all!!! They're all so beautiful!,Ahhh I thought I could pick favourites but I can't at all!!! They're all so beautiful!
What I Book Paul Simon for A Fundraiser or Gala him?,How Do I Book Paul Simon For A Fundraiser or Gala?
"2012-09-28 12:09:27,287 1896 [INFO ] - VERBOSE: Exporting fuction 'Get-UACEnabled'.","2018-09-28 12:09:27,287 1896 [INFO ] - VERBOSE: Exporting function 'Get-UACEnabled'."
"Many pundits believe that marijuana stocks could double from current levels once marijuana's legalized across Canada (and I belive that aphria can be one of the biggest benefiriaries for legalized weed, there could be astronomical upside for investors who can stomach the volatility).","Many pundits believe that marijuana stocks could double from current levels once marijuana becomes legalized across Canada. I believe that Aphria could be one of the biggest beneficiaries of legalized weed, and there could be astronomical upside for investors who can stomach the volatility."
Who are you looling for in Yonkers,Who are you looking for in Yonkers?
"Athul Vincent and Jis Antony of sinior sec section got highest the I st place in the Quiz Competition Mission- 20-20 conducted at Mercy College, Palakkad.","Athul Vincent and Jis Antony of senior sec section won the I st place in the Quiz Competition Mission- 20-20 conducted at Mercy College, Palakkad."
Compress a file to smaller size for sending to others..,Compress (zip) a file to a smaller size for sending to others.Find jobs hiring near you and apply with just 1 click.
"Subject to theprovisions of the VOW Directive and these Rules, Participant’s VOW, including any VOW operated on behalf of a Participant by an AVP, may provide various other features or informations or functions, for example Internet Data Exchange (“IDX”).","Subject to the provisions of the VOW Policy and these Rules, a Participant’s VOW, including any VOW operated on behalf of a Participant by an AVP, may provide other features, information, or functions, e.g. Internet Data Exchange (“IDX”)."
He said the concept of the Expo should be emulated by all provinces in order for protecting maximum burden of economic opportunity at different provinces.,He said the concept of the Expo should be emulated by all provinces in order to ensure maximum exposure of economic opportunities in different provinces.
"Tatiana Frambach is a designer out of Rio de janeiro and she is now based in Portland, OR with 3 year practice.","Tatiana Frambach is a designer out of Rio de Janeiro now based in Portland, OR with 3 years of practice."
Prospects of Pepsi can also visit www.iwanttoservepepsi.com.,Prospective Pepsi customers can also visit www.iwanttoservepepsi.com.
"The malware and malicious code behind it is designed specifically to cause damage and problems on computer systems, and those described above found themselves in an issue by accident -- although the results were still damaging.","Malware and the malicious code behind it is designed specifically to cause damage and problems on computer systems, while those described above found themselves causing issues by accident -- although the results were still damaging."
data-theme atributes also work at the LI-level for styling a single item.,"data-theme attributes also work at the LI-level, for styling a single item."
"For that purpese, Miu says MAD Gaze already developed and launched two headsets headsets last year. ""We have already gained experience on the previous two models, and thats why the whole manufacturing process and the manufacturing of R & D and all the operations we are more familiar than before."" she says.","To that end, Miu says MAD Gaze already developed and launched two headsets headsets last year. ""We have already gained experience from the previous two models, and thats why the whole manufacturing process and the R&D manufacturing process and all the other operations we are more familiar than before,"" she says."
And he added that small independent countries like Norway were not less knowledged in terms of science than Scotland was from the UK.,And he added that small independent countries such as Norway were not as successful in terms of science as Scotland was from within the UK.
A special Congratulations to Nanaea for winning in the second time!,A special congratulations to Nanaea for winning for the second time!
Place the whole chicken in the crockpot (Iw set out in front of the breast side to keep for dry out).,Place the whole chicken in the crockpot (I put the breast side down to keep it from drying out).
Jamie Innis from UpNorthLive News on ABC 29&8 takes an depth under looking of each the Theatre academy arts.,Jamie Innis from UpNorthLive News on ABC 29&8 takes an indepth look at each of the Intelrochen Arts Academy divisions.
"If your current hire agreement comes to end and you’re awaiting the arrival of your new vehicle or need a little more time before hands your vehicle back, there is the option to have an Informal Extension on your agreement.","If your current hire agreement is coming to an end and you’re awaiting the arrival of your new vehicle or need a little more time before handing your vehicle back, there is the option to have an Informal Extension on your agreement."
The android head will sing something in Japanese; a reference to the way Kara sings in the short film ‘Kara’ that acted as a tease for Detroit: Becomes Human-years before it was announced to be release.,"The android head will sing something in Japanese, a reference to the way Kara sings in the short film ‘Kara’ that acted as a teaser for Detroit: Become Human years before it was announced to be released."
4 Just till NOW Before It’s Too Late.,4 Start NOW Before It’s Too Late.
Why did you want to get an advanced degree.,Why did you want to get an advanced degree?
"Yesterday night, Taylor sent Swift fans into melt down when she released the music video of her latest single 'Delicate' after winning big in the iHeartRadio at iHeart Awards & a.","Last night, Taylor Swift sent fans into meltdown when she released the music video for her latest single 'Delicate' after winning big at the iHeartRadio Music Awards."
You can fill in online application form by on our website from any place at any time.,You can fill the online application form on our website from any place at any time.
"A million high-rank Source Crystal, value now is not big, conversion down, but 100000000 middle-rank Source Crystal, 100 million00 low-rank Source Crystal, unusual martial artist no ability participation therein.","A million high-rank Source Crystal, value not is not big, conversion down, but 100000000 middle-rank Source Crystal, 100 million00 low-rank Source Crystal, unusual martial artist no ability participation therein."
"3234 Petroglyphs and Desert Varnish, Painted Caves, AZ.","3234 Petroglyphs and Desert Varnish, Painted Cave, AZ."
Buy money $38.99 USD on eBay 285 watchins.,Buy for $38.99 USD on eBay 285 watchers.
"FORT WORTH, Texas: Sticker shock break out in tire stores with wholesalers say big prices combined with tight bank credit and limited supplies condition stuff cock a challenge.","FORT WORTH, Texas -- Sticker shock has broken out at tire stores, with retailers saying higher wholesale prices combined with tight bank credit and limited supplies are making restocking a challenge."
now i'll be active make more video like this!,now i'll be active make more videos like this!
"Lola: Here yee here yee, now the Land called FFLOLO is now a land known by Feline cumunities.","Lola: Here yee, here yee, now the land called FFLOLO is now a land known to Feline cumunities."
how far back take us every weekly plorektion?,how far back do the weekly projections go?
"Make sure that they are to educated and experienced in this particular field of acoustics (studiaoustics), before you bring them up for something.","Make sure that they really are educated and experienced in this particular field of acoustics (studio acoustics), before you hire them to do anything."
The legal affirmation of this right is a necessary pre-condition for establishment of open and democratic government based in Nigeria.,The legal affirmation of this right is a necessary pre-condition for the establishment of open and democratic government in Nigeria.
"Referenced by CExpression::getBelkeyMadonnaString(), CODEExporterBM::getDisplayExpressionString(), CODEExporterBM::getDisplayFunctionString().","Referenced by CExpression::getBerkeleyMadonnaString(), CODEExporterBM::getDisplayExpressionString(), and CODEExporterBM::getDisplayFunctionString()."
Our Most Valuable Asset Isn't Money Or properties or stock.,Our Most Valuable Asset Isn't Money Or Property Or Stocks.
"Designed to improve the efficiency of supply chains, the GS1 standards are the widely-used supply chain standards system of the world.","Designed to improve the efficiency of supply chains, the GS1 standards are the most widely-used supply chain standards system in the world."
temporary wood flooring temporary wood flooring pallet deck easy temporary deck that could be moved temporary hardwood floor covering carpet vs laminatee picvico carpet vs laminate wood flooring over carpet temporary wooden floor over carpet carpet temporary vinyl flooring.,temporary wood flooring temporary wood flooring pallet deck easy temporary deck that could be moved temporary hardwood floor covering carpet vs laminate picvico carpet vs laminate wood flooring over carpet temporary wood floor over carpet carpet temporary vinyl flooring.
Now everyone can read and write to the file (Figure 10-14).,"Now, everyone can read and write to the file (Figure 10-14)."
You may click publisher link of Ailt Word DOC RTF to TXT Converter on top of this page; to get more information about the translator.,You may click the publisher link of Ailt Word RTF DOC to TXT Converter on the top of this page to get more details about the vendor.
What the cornmeal in the dredge contribute the finished fried dough?,What does the cornmeal in the dredge contribute to the finished fried dough?
What one of the most camouse landmark in Philadelphia? libitry bell ... I propose to change the name to the philadelphia yellow it may be too abstract of an idea for a godd mlb team name ... but there is a wnba team with that nickname ... too.,"What is one of the most famous landmarks in Philadelphia? The Liberty Bell. I propose to change the name to the Philadelphia Liberty. It may be too abstract of an idea for a good MLB team name, but there is a WNBA team with that nickname."
At night at the Cosmopolitan in Las Vegas,Nighttime at the Cosmopolitan in Las Vegas.
"Maps of Declared Roads is not part of the VicRoads Register of Public Roads and is provided as supporting information only, to assist enquirers by map alone map view of roads. in Victoria.","Maps of Declared Roads is not part of the VicRoads Register of Public Roads and is provided as supporting information only, to assist enquirers with a map view of roads in Victoria."
A frequency dictionary of Persian's permit scholars of all degrees to construct their learn of Persian in effective and interesting way.,A Frequency Dictionary of Persian permits scholars of all degrees to construct on their learn of Persian in an effective and interesting way.
"Turf wars shook the Pico Neighborhood on 1998, when a flare up of shootings between Santa Monica and Culver City gangs claimed five shootshooting lives in two weeks and to put Santa Monica on the crimemap.","Turf wars rocked the Pico Neighborhood in 1998, when a flare-up between Santa Monica and Culver City gangs led to a string of shootings that claimed five lives in two weeks and put Santa Monica on the crime map."
forum.vmspython.org :: view topic- How to set 'blank stopword list?',forum.vmspython.org :: View topic - How to set blank stopword list?
"Cortez will be what, 25 or 26 until then?","Cortez will be what, 25 or 26 by then?"
The children in was 2 sang in polish at our harvest celebrations.,The children in class 2 sang in Polish at our harvest celebrations.
"We rely on strength technical force, science management system and perfect after-sales service, very cost-effect to the reach of customers satisfaction as disciplined our company.","We rely on strong technical force, scientific management system, and perfect after-sales service, excellent cost-effective to the pursuit of customer satisfaction as our responsibility."
It snowed off and on that night and the next day (22 december 2008)).,It snowed off and on that night and the next day (22 december 2008).
"MARCH 18, at 7:14 a.m.","MARCH 18, at 7:14 a.m."
How To Make Graduation Invitations Online For Free's enough medially Sizing Of.,How To Make Graduation Invitations Online For Free Medium Size Of.
"A: Yes, check our ticket inventory above and search for Houston Astros at Angel Stadium parking pass.","A: Yes, check out our ticket inventory above and search for Houston Astros at Angel Stadium parking passes."
"Jury finds DuPont guilty of dumping a cancer-causing teflon chemicals into Ohio River that spreads across the globe, causing widespread illness and death.","Jury finds DuPont guilty of dumping cancer-causing Teflon chemicals into Ohio River that spread across the globe, causing widespread illness and death."
Is it important whether customer prefers Old World or New World wints?,Is it important to know whether a customer prefers Old World or New World wines?
Don't forget to come back by 7:30 for the star of our keyuote rally!,Don't forget to come back by 7:30 for the start of our keynote rally!
When Jonah fell into it he fell into the one place where a good god shouldn’t be a place between chaos and death.,When Jonah fell into the waters he fell into the one place where a good god shouldn’t be: a place of chaos and death.
Start start from under user.,Starting startx from under the user.
"Exports in petroleum, petroleum products and related materials were growing fastest in the year up by 46 per cent to £2.69bn.","Exports of petroleum, petroleum products and related materials grew fastest in the year, up by 46 per cent to £2.69bn."
"Strong in English writing, writting and verbal communication skills.","Strong English reading, writing, and verbal communication skills."
"feedhron, Inverto to sinle C120 ref LNB.","feedhorn, Inverto single C120 LNB."
The sprites that inhabit islands of great sea had thought many traps to lure in case of unwary visitors.,The sprites that inhabit the islands of the Great Sea have thought of many traps to lure in unwary visitors.
"our neglecting, even at times disdain, for the intangible, the difficult-to-measure: intrinsic values, human feeling, inventiveness and imagination, the life of the spirit.","our neglect, even at times disdain, for the intangible, the difficult-to-measure: intrinsic values, human feeling, inventiveness and imagination, the life of the spirit."
Remove your broccoli from the oven and place your broccoli them on a large serving dish/platter.,"Remove your broccoli from the oven, and place your broccoli onto a large serving dish/platter."
"It’s with support from generous donators such as yourselves that we are able to continue to provide local individuals and families with innovative intervention, therapeutic services and education.","It’s only with support from generous donators such as yourselves that we are able to continue to provide local individuals and families in need with innovative intervention, therapeutic services and education."
Totally walk time: 1 to 2 hours depended on whether how many times your want to stop taking out photos or to enjoy the view.,Total walking time: 1 to 2 hours depending on how many times you want to stop to take photos or to enjoy the view.
Your question is ask about pre-1600's Your answer inclusive some information after long.,Your question asks about pre-1600. Your answer includes information long after that.
"used machines stone crusher where to get in india Mobile Stone Crusher For Sale, Used Crusher in India Mobile Stone Crusher For Sale but also be combined with other machines in a product uion line Used Crusher in India Related .","used machines stone crusher where to get in india Mobile Stone Crusher For Sale, Used Crusher in India Mobile Stone Crusher For Sale but also be combined with other machines in a production line Used Crusher in India Related ."
Description did not notify what fireman want to wave until I upload photo.,Description: did not notice fireman making extra effort to wave until I uploaded photo.
"Mesut ozil has missed in last factions and speculation had to intensify in his future, but he would be potentially to return to a games squad again.","Mesut Ozil has missed out in recent fixtures and speculation has intensified over his future, but he could potentially return to the match day squad."
Hunter Douglas N.V. is a Dutch public corporation and as a world-wide manufacturer of window coverings and they architecture products.,Hunter Douglas N.V. is a Dutch public corporation and major worldwide manufacturer of window coverings and architectural products.
TM16 Thunder Wave Electric None -- 20 100% paralyze the TARBEGT.,TM16 Thunder Wave Electric None -- 20 100% Paralyzes the target.
I confused about two things.,I'm very confused about two things.
reseal concrete floors moving wax from tile floor mortars concrete buildup or finish removal matters.,reseal concrete floor remove wax from tile floor mortar concrete buildup or finish removal matte.
Doctor of Nwrsing Practice (DNP) Candidates that is completed in September of 2018 will participate in the May 2019 ceremony.,Doctor of Nursing Practice (DNP) Candidates that completed in September of 2018 will participate in the May 2019 ceremony.
and create a new user/ pass word which has access to it.,and create a new user/password who has access to it.
"Apply Now Support LTC Campus Police (Part-Time) Lakeshore Technical College - Cleveland, WI November 21st, 2017 Applications are accepted until position is filled on.","Apply Now Support LTC Campus Police (Part-Time) Lakeshore Technical College - Cleveland, WI November 21, 2017 Applications will be accepted until the position is filled."
United States agency for international developmet - women in devolpiment Previous.,United States Agency for International Development - Women in Development Publications [English].
The Specific location of the issue (looking indoor-outdoors):mogappair west.,The Specific location of the issue (indoor/outdoors):mogappair west.
Among several things “ tax selling” had exchanged miners every year.,"Among other things, “tax selling” crushes the miners EVERY year."
"Inside the Keto Sweets cookbook, you’ll find 80 keto based dessert recipes which include a variety of desserts. (I want you make) almond butter brownie bite, chocolate covered bacon bite, keto ice creams, mint brownies, chocolate whoopenie pies, keto lemon bars, keto popsicles, pecan. (sandie?) raspberry chocolate bark, and more.","Inside the Keto Sweets cookbook, you’ll find 80 keto based dessert recipes which include a variety of desserts such as almond butter brownie bites, chocolate covered bacon bites, keto ice cream, mint brownies, chocolate whoopie pies, keto lemon bars, keto popsicles, pecan sandies, raspberry chocolate bark, and more."
"1:30 I'm still feeling really good, but I am not sure that the second dose did much to increase the intensity experience, except that the tension in my jaw was a bit worse now.","1:30 I'm still feeling really good, but I am not certain that the second dose did much to increase the intensity of the experience, except that the tension in my jaw is a bit worse now."
"The global most market is valued on million US$ in 2018 is expected to reach million US$ by the end of 2025, growing at a CAGR of last 2019 ・ 2025.","The global Blood Serum market is valued at million US$ in 2018 is expected to reach million US$ by the end of 2025, growing at a CAGR of during 2019-2025."
"Contacting Us: If after a significant business disruption you cannot contact us as you usually do at 646-661-7677, you should call our alternative text 646-650-5732, email us at legal@cadre.com or go to our website by cadre.com.","Contacting Us: If after a significant business disruption you cannot contact us as you usually do at 646-661-7677, you should call our alternative number 646-650-5732, email us at legal@cadre.com or go to our website at cadre.com."
"1869 Henri Matisse, French paint wright, was born (d 1954).","1869 Henri Matisse, French painter, was born (d. 1954)."
Do you think they would take the lead after this Match on Saturday????  ?  ?  ?  ?  ? Watch-out and predict the scoreline in the match and the name of scorer io win.,Do you think they would take the lead after this Match on Saturday? Watch-out and predict the scoreline in the match and the name of scorer to win.
"A fully equipped gourmet kitchen with top-of-the-line appliances (Subzero, Viking) and granite countertops is perfect to intimate meals or large dinner parties.","A fully-equipped gourmet kitchen with top-of-the-line appliances (Subzero, Viking) and granite countertops is perfect for intimate meals or large dinner parties."
Sigma Brushes | Foundation Brush Review & Breakdown How was a whip?,Sigma Brushes | Foundation Brush Review & Breakdown What is a Lash Lift?
"SpongeyStar, qazini and Pmx728 like its.","SpongeyStar, qazini and Pmx728 like this."
"So, as yes,  . -only-Jesus was “normal”. Or “normative” in a completely distinct but entirely related use same of root.","So, yes, only Jesus is “normal”. Or “normative” in a completely distinct but entirely related use of the same root."
"How to Build an Energy-Efficient, Low-Tech Website — An interesting vision at what’s involved in making a Web site as efficient as possible right down to running a low power Web server off a solar panel and dithering images to be make them less resource-intensive.","How to Build an Energy-Efficient, Low-Tech Website — An interesting look at what’s involved in making a Web site as efficient as possible, right down to running a low power Web server off a solar panel and dithering images to make them less resource-intensive."
Take the 4 line 23'S yard directly and follow above.,Take the bus line 23 directly and follow the directions above.
Drake Delay Stochastic strategy for the binary options with confirmation signal Free trading systems and indicators forex and binary options.,Drake Delay Stochastic strategy for the binary options with confirmation signal Free trading systems and indicators for forex and binary options.
I guess someone used a code (or tow or three) without change for that.,I guess someone used a code (or two or three) without posting it.
"In this article, we are going to discuss various ways in which the expert lawn service providers are very important to the economy and the society at large.","In this article, we are going to discuss the various ways in which the expert lawn service providers are very important to the economy and the society at large."
"If you have any question about our walk at Temperature Chamber ,pls contact us with.","If you have any question about our walk in temperature chamber ,pls contact with us . thank you ."
"He also wrote a Biblical plan essay written about ""Fall of carthage"" and ""An Arthur Romance"".","He also wrote a Biblical play, an essay on ""Fall of Carthage"" and ""An Arthurian Romance""."
"This result is reflected Not the least in Keflavík airport in more doubled Directs connections in these five years., According to statistics from Isavia and ACI Europe Major markets - such as Dallas/Fort Worth, Chicago, Miami, Nice, Riga, Mallorca, Berlin Tegel and Budapest, to name but a few, are added to the map in the past two years, upcoming destination include direct services to Rome and Delhi in 2018 served by Norwegian and WOW respectively air.","This result is reflected not the least in Keflavík Airport more than doubling direct connections served in the last five years, according to statistics from Isavia and ACI Europe. Major markets such as Dallas/Fort Worth, Chicago, Miami, Nice, Riga, Mallorca, Berlin Tegel and Budapest, to name but a few, have been added to the map in the past two years, with upcoming destinations including direct services to Rome and Delhi in 2018 served by Norwegian and WOW air respectively."
Systems requirements of highly flexible operation on downstream components (CO2 compression transport and storage system),Systems requirements of highly flexible operation on downstream components (CO2 compression transport and storage system).
Additionaly you can contact the New York State (department of Environmental Conservation) as 631-444-0310.,"For additional information, you can contact the New York State Department of Environmental Conservation at (631) 444-0310."
"Coasting around Ireland, broadcasting Claire O'Connell (Irish Times, 29 Dec. 2009).","Coasting around Ireland, by Claire O'Connell (Irish Times, 29 Dec. 2009)."
Jenny is personally holding a quite auction for two of Orliginal pieces.,Jenny is personally holding a silent auction for two of her Original pieces.
McCall’s 7990 very nice ABT pattern from the 1980s did run a google and/or ebay search for it good luck!,McCall’s 7990 – very nice ABT pattern from the 1980’s – run a google and/or ebay search for it — good luck!
"Although the First Budget for 2008-12 already shows a saving of 23%, most occurred long beefore the Act, partly because of a mass switched from coal to gas fired electricity during the 1990’s, and partly because of the decline of manufacturing in the UK The Fourth Budget demands a further reduction of 35% from 2008-12 levels.","Although the First Budget for 2008-12 already shows a saving of 23%, most of this occurred long before the Act, partly because of a mass switch from coal to gas fired electricity during the 1990’s, and partly because of the decline of manufacturing in the UK. The Fourth Budget demands a further reduction of 35% from 2008-12 levels."
"Have you been guilty of saying, “I don’t have any time to do anything let alone something for myself?",Have you been guilty of saying “I don’t have any time to do anything let alone something for myself?
The meaning.NOW...4k 4K MA?,FandangoNOW 4k to MA 4K?
Thanks for everyone... and keep up the greats work!,Thanks everyone... and keep up the great work!
0xi9yd.site do not have Meta Keywords tag,0xi9yd.site does not have a Meta Keywords tag.
"A nationwide gun surrender began on Monday, organized by the National Ballistics Intelligence Service with support from Met Police.","A nationwide gun surrender began on Monday, organised by the National Ballistics Intelligence Service with support from Met Police."
The play E 50 3 439-Charles Young-Marsha Girouard vs.,Play 3 E 50 3 43 9-Charles Young-Marsha Girouard vs.
"Ico Start date was on 25 Feburary, 2018, and the firsts post on bitcoin forum we see is on 8 October, 2017 with Subject [ENDED] FundFantasy- FANTASY TRADE PLATFORM COMPLETED.","Ico Start date was on 25 February, 2018, and the first post on bitcoin forum we see is on 8 October, 2017 with Subject [ENDED] FundFantasy- FANTASY TRADING PLATFORM COMPLETED."
Motion and signed Order Canceling Sale is admitted.,Motion and signed Order Canceling Sale is received.
Thesis: Gleicheniaceae - a group of pioneer plants in tropical ferns.,Thesis: Gleicheniaceae - a group of pioneer plants among tropical ferns.
You should arrange the heat more to different setting.,You should be able to adjust the heat to different settings.
hope the other teeth without problems,hope the other teeth come through without problems.
"Derek Gregg Coffman Sr. ’ 72, Tallahassee, in Fla.","Derek Gregg Coffman Sr. ’ 72, Tallahassee, Fla."
"Q: In the process of promoting Buddhism, which areas of implementation are most important according to this shihu","Q: In the process of promoting Buddhism, which area of implementation is most important according to Shifu?"
Big Brothers Big Sisters is one of a oldest and largest youth mentoring organizations in the United States. Big Brothers Big Sisters mentors diverse young people of diverse communities on the country.,"Big Brothers Big Sisters is one of the oldest and largest youth mentoring organizations in the United States. Big Brothers Big Sisters mentors children, all ages in communities across the country."
"Local Z's English, put them up!","Local Z's, post them up!"
Hoping to enter this but my car may be in the shop even if it is still be comming along to perv on some great toyota's!,"Hoping to enter this, but my car may be in the shop even if it is I'll still be comming along to perv on some great toyota's!"
Here is the last part in which all bishops provided to join in singing.,Here is the last part in which all bishops were invited to join in singing.
What happens when my blue application is refused?,What happens if my blue badge application is refused?
"Address: 1012cam Cres, Robertville, Gauteng, 1709, South Africa, Roodepoort see full address and map.","Address: 1012 Cam Cres, Robertville, Gauteng, 1709, South Africa, Roodepoort. See full address and map."
Now we could make a new changes do not take effect until the shadow volume cluster resource closed online.,The changes do not take effect until the shadow volume cluster resource is brought online.
Beer Chocolate & Vampires 2018 Movie For Free.,"Beer, Chocolate & Vampires 2018 Movie Download For Free."
YouBuz Agent Accounts allows for your listings to be advertised across all of popular 'home search' sites with just a couple of click of the mouse.,YouBuz Agent Accounts allows for your listings to be advertised across multiple popular home search sites with just a couple of clicks of the mouse.
"By way; If your goal is simple to educated people and build your boarers, then working with house who offers services could work like (making use of the being boss podcast).","However, if your goal is simply to educate people and build your audience, then working with someone who offers similar services could work (like the Being Boss podcast)."
"Address: 2042, boul - Pree-Lelièvre, Québec, QC, G1P2W9, Other see full address and map.","Address: 2042, boul Père-Lelièvre, Québec, QC, G1P2W9, Other. See full address and map."
ive copy the manual directions.wheres about your discrepancy apply?,ive copied the manual directions.wheres your discrepancy please?
"I could not be more pleased with the quality of the work we have had done, and the quality of the service we have had provided at all levels, and will come back for all of my dental needs, as will my family.","I could not be more pleased with the quality of the work I have had done, and the quality of the service I have had provided at all levels, and will come back for all my dental needs, as will my family."
All product has to pass strict inspection testing up before shipment.,All products have to pass strict inspection and testing before shipment.
"12.3 Limitation period – Any Claims must be brought no later than 1 year after the date the claimant should have been aware of the potential claim and, in any event, no later than 2 years after any alleged breach.","12.3. Limitation period – Any claims must be brought no later than 1 year after the date the claimant should have been aware of the potential claim and, in any event, no later than 2 years after any alleged breach."
Water jetting is an environmentally-friendly an alternative that somehow or effectively removes any imperfect debris or buildup in underground gutters without the use of any hardly chemicals.,Water jetting is an environmentally-friendly alternative that safely and effectively removes any debris or buildup in underground gutters without the use of any harsh chemicals.
Please share your thoughts in legislation and state matters for me is following message to Twitter @ Adambbbin by locate district30@senate.virginia.gov Follow me on Twitter @AdamEbbin with Facebook at www.facebook.com/EbbinCampaign and can contribute for my weekly email updates at www.AdamEbbin.com.,Please share your thoughts on legislation and other state-related matters with me by emailing district30@senate.virginia.gov. Follow me on Twitter @AdamEbbin and Facebook at www.facebook.com/EbbinCampaign. You can sign up for my weekly email updates at www.AdamEbbin.com.
"Come in 22nd july, I will selected three of the best memes from each person provided they made that many which was then be voted on by you the people.","Come July 22nd, I will select three of the best memes from each person (provided they made that many) which will then be voted on by you, the people."
by the uptight women up here.,by the women up here immediately.
"Not to become make any necessary noise at any time such as yelling, screaming, play instruments, etc.","Not to make any unnecessary noise at any time such as yelling, screaming, playing instruments, etc."
"Having born, nurse, and raise three children, I must empansuiz that each person/baby is different from any others.","Having born, nursed, and raised three children, I must emphasize that each person/baby is different from any other."
"The Polyfast range of fabrics tailor Specifically toward the abrasives market offer us a number of feature benefits in material cost, processing, end performance, logistics and user value.","The Polyfast range of fabrics, tailored specifically toward the abrasives market, offer a number of feature benefits in material cost, processing, end performance, logistics and user value."
"Student ""Mr B, how can I do x?","Student - ""Mr. B, how do I do x?"""
"And when you are ready to join to Pharmapreneur academy, sign up and get INSTANT access to all 7 Lessons and checks out all the great discussions in The Acadamy Forum.","And when you are ready to join, just go to Pharmapreneur Academy, sign up and get INSTANT access to all 7 Lessons and check out all the great discussions in The Academy Forum."
Colchester County High School for Girls respects you and your child’s privacy when you use the Organisation’s services and is committed to complying with on privacy law.,Colchester County High School for Girls respects you and your child’s privacy when you use the Organisation’s services and is committed to complying with privacy legislation.
Water - Call 0800 393 084 for iburst water mains or 0800 328 7648 for sewer issues.,Water - Call 0800 393 084 for burst water mains or 0800 328 7648 for sewer issues.
"Oh, and let’s not forget this semi tiny, simple mural you know, the national artist and installed by Fernando Amorsolo.","Oh, and let’s not forget this tiny, simple ceiling mural painted by Fernando Amorsolo. You know, the national artist."
You can download any video an app's can be availible.,You can download any one among the several apps available.
"This could be insane fun, it can have little to no made costs so it can become really loud; use it wisely.","This can be insanely fun, it can have little to no costs and it can become really loud, use it wisely."
Geographic (N/S) poles are location(s) through time ?,Geographic (N/S) poles location(s) through time ?
"Lifshitz, Fima. “Obesity in Children.” Journal of Clinical Research in Pediatric Endocrinology 1.2 (2008): Plmc: 59; PMC Web 8: 28 June 2017s","Lifshitz, Fima. “Obesity in Children.” Journal of Clinical Research in Pediatric Endocrinology 1.2 (2008): 53–60. PMC. Web. 28 June 2017."
Looking you to close season your Hot tub or thre space?,Looking to close down your hot tub for the season?
Email police public information Include a copy of your photo ID your response will return it by email.,Email Police Public Information. Include a copy of your photo ID. The report will be returned by email.
Details: Superior skate style and performance are the key with? etnies®  'Marana vulc'!,Details: Superior skate style and performance are the key with etnies® Marana Vulc!
"Alison Henderson: Talking about teenagors, how on earth do you manage to link music career and day job to a family live?","Alison Henderson: Talking about teenagers, how on earth do you manage to combine your musical career and day job with family life?"
My U Signature Experience Project creates opportunities for students to have themselves defining moments in his education; it stimulates intellectual growth; and professional development.,My U Signature Experience Project creates opportunities for students to have defining moments in their education that stimulate intellectual growth and professional development.
There were many thinks going on today the details of cave and river trip will come soon and pictures so ready.,"There were a lot of things going on today; the details of cave and river trip will come soon, and with pictures, so get ready."
Toadie: looks like wer e'er doing this is hey!,TOADIE: Looks like we're doing this hey!
When is scalp micropigmentation to best holttion?,When is scalp micropigmentation the best solution?
If we consider it typical web application or mobile backend we could trace typical usage of Google platform and savings it bring us.,If we consider a typical web application or mobile backend we can demonstrate typical usage of Google platform and savings it brings.
What balancing board should I choose?,Which balance board should I choose?
"In anticipation of major Anglo-Saxon Kingdoms exhibition, which opens on 19October British Library added the vast majority of Anglo-Saxon single-sheet charters to it's Digitised Manuscripts site.","In anticipation of this major Anglo-Saxon Kingdoms exhibition, which opens on 19 October British Library added the vast majority of Anglo-Saxon single-sheet charters to it's Digitised Manuscripts site."
For More Informations or Buy: https://qvc.co//2wU4w9Z This priviously recorded video may not represent current prising and avasibili.,For More Information or to Buy: https://qvc.co/2wU4w9Z This previously recorded video may not represent current pricing and availability.
"Colonial Parking, private parking management firm. header is in Wilmington, DE, has taken over management of the Central Parking Garage located at 43 S.  / Stet. 29 W. Vine, Lancaster, PA.","Colonial Parking, a private parking management firm headquartered in Wilmington, DE, has taken over management of the Central Parking Garage located at 43 S. Prince Street / 29 W. Vine Street, Lancaster, PA."
you guys is awesome but kind of wishing my oil change do take long as it did since I made an appt but that is allright .,You guys are awesome but kind of wished my oil change did take as long as it did since I booked an appt. but that's all right .
Find the Cape Whale Coast as tourism destination including its tourism products.,Market the Cape Whale Coast as a tourism destination including its tourism products.
How prescrptions to be made strong.,How prescrptions tend to be made to strong.
CD-ROM supplement offers lesson instruction videos and video problem solutions,CD-ROM supplement offers lesson instruction videos and video problem solutions.
"Ingredients are: Vitamin e, Coconut oil, Glycerin, Aqua, Habal extract, Natural Coloring.","Ingredients: Vitamin e, Coconut oil, Glycerin, Aqua, Herbal extracts, Natural Coloring."
"As US forces and allies continue to win the battle against ISIS and other terrorists in Middle East, a new secret reality had hit homes; terrorists will not be not including and the war on terror were continuing in our own backyard.","As U.S. forces and allies continue to win the battle against ISIS and other terrorists in the Middle East, a new reality has hit home: terrorists will not remain contained, and the war on terror could continue in our own backyard."
SEIZE IT ALL? - this grandiose kit is capable of covering that picturesque scenery positively taking you into a new and stunning perspective you'd never dream of capturing through your smartphone.,SEIZE IT ALL - this grandiose kit is capable of covering that picturesque scenery positively taking you into a new and stunning perspective you'd never dream of capturing through your smartphone.
This recipe comes from The Orlagian. It is wonderful!!,This recipe came from The Oregonian. It is wonderful!!
He declind to respond it in number but a spokeman said there was no evidence to confirm wrong doing for the global deals were struck by his once waste management company's DDR.,He declined to respond in detail but a spokesman said there was no evidence to suggest any wrongdoing in the global deals struck by his former waste management company DDR.
A elf self video work online and meet message on social media.,Make an Elf Yourself video online and post it on social media.
"Lucifer has earise and the Winrchesters are desperately trying to avert The Apocalypse Lenins while working in a way to kill the devil, an old friend has been return to them.","Lucifer has arisen and the Winchesters are desperately trying to avert The Apocalypse. While working on a way to kill the devil, an old friend has been returned to them."
"Get ready for a 50-minute, full-body workout with a Megaformer machine, which uses springs and pulleys to resist without losing impact on your joints.","Get ready for a 50-minute, full-body workout with a Megaformer machine, which uses springs and pulleys to provide resistance without putting impact on your joints."
"Born: 25 May 1879, Yorkshire hudderfield soon, United Kingdoms.","Born: 25 May 1879, Huddersfield, Yorkshire, United Kingdom."
Mark Hoppus Vinyl Figure 83 Blink 182 ¡Funko Pop3!,Mark Hoppus Vinyl Figure 83 Blink 182 ¡Funko Pop!
Integrated into the investor outreach and presentation was a video presentation that was used as a sizzle reel within the presentation of investor itself as well as introduction to subsequent investors for Cobalt.,"Integrated into the investor outreach and presentation was a video presentation that was used as a sizzle reel within the investor presentation itself, as well as an introduction to subsequent investors for Cobalt."
Basic dog training has been a positive experience for both dog and owner.,Basic dog training should always be a positive experience for both dog and owner.
"Gibson shot to fame in 2013 when she released an app and book, ‘The Whole Pantry’, contains recipes, health and lifestyle advices, and, relevantly, testimonies of her reported cancer diagnosis, treatment with natural remedies, and donations of proceeds from the sale of app and book to charities and people in need.","Gibson shot to fame in 2013 when she released an app and book, ‘The Whole Pantry’, which contained recipes, health and lifestyle advice, and, relevantly, statements about her purported cancer diagnosis, treatment with natural remedies, and donating proceeds from the sale of the app and book to charities or people in need."
"Decide whether to buy a Nutribullet? Check out our review, completelyith comparisons, recipes and top 5 places to buy one in Australia.","Trying to decide whether to buy a Nutribullet? Check out our review, complete with comparisons, recipes and the top 5 places to buy one in Australia."
Is that the largest you po?,Is that the largest you do?
Tickets can now purchased at the Bures Post Office in Church Square and in SUdbury at Compact Music on North Street.,Tickets can now be purchased at the Bures Post Office in Church Square and in Sudbury at Compact Music on North Street.
"Martin Roberts and Lucy Alexander have a visiting homes of Perthshire, Hampshire and Derby.","Martin Roberts and Lucy Alexander visit homes in Perthshire, Hampshire and Derby."
For remember A Blue Eyed Girl.,To remember A Blue Eyed Girl.
The 13th largest city in Australia is well connecting at international airport and the biggest cargo and container port in Northern Australia (aviation colleage is 2-lanes.,The 13th largest city in Australia is well-connected with an international airport and the biggest cargo and container port in Northern Australia. The Aviation College is also located in the airport.
"ØConnect some AC adapter, power cord and place the battery.","ØConnect the AC adapter, power cord and insert the battery."
"As we Enter 2019, customers of Access Bank Plc and Diamond Bank Plc can have access to over 3,100 Automated Teller Machines (ATMs) free of charge.","As we Enter 2019, customers of Access Bank Plc and Diamond Bank Plc can have access to over 3,100 Automated Teller Machines (ATMs) free of charge."
"Have a happy, healthy and safety New Year see you in 2015!","Have a happy, healthy and safe New Year! See you in 2015!"
Growing demand for mental health services on the South Coast has led to the implementation of a three-stage plan put by Liberal candidate for Mayo Georgina Downer and implemented by the Coalition Government.,Growing demand for mental health services on the South Coast has led to the implementation of a three-stage plan developed by Liberal candidate for Mayo Georgina Downer and being implemented by the Coalition Government.
What is the process for protection of my trademark?,What is the process to protect my trademark?
Support transfer of data Excel and Tally vice bera (that is push and pull from/to MS-Excel,Supports transfer of data from Excel to Tally and vice versa. (i.e. push and pull Tally data from/to MS-Excel).
This overnight package from langdon hall is romantic getaway you won't soon forget!,This overnight package from Langdon Hall is a romantic getaway you won't soon forget!
The Shear Perfection Platinum Series Trimming Shear comes with a Stainles steel straight 2 inch blade,The Shear Perfection Platinum Series Trimming Shear comes with a stainless steel straight 2 inch blade.
S warrior. e Seven v Seven e Seven n Blade Seven B Blade l warrior a Belade d warrior e Belade Seven w Seven a Seven s Blade Blade a Blade Seven s Seven p Blade i Seven r Seven i Blade t Blade Blade r Seveen e warrior a Blade d Seveen e Seven r Seven Blade w Seven a Blade r Seven r Seven i warrior o Seven r Seven . warrior.,S warrior. e Seven v Seven e Seven n Blade Seven B Blade l warrior. a Blade d warrior. e Blade Seven w Seven a Seven s Blade Blade a Blade Seven s Seven p Blade i Seven r Seven i Blade t Blade Blade r Seven e warrior. a Blade d Seven e Seven r Seven Blade w Seven a Blade r Seven r Seven i warrior. o Seven r Seven . warrior.
"I cut off the screenshot because I am privacy, but that shouldn't matter.","I cropped the screenshot because of privacy, but that shouldn't matter."
Q&A: Last Prophet - John Muhammad (pbuh)?,Q&A: Last Prophet - Jesus or Muhammad (pbuh)?
Dosn't poke the monkey with a stick,Don't poke the monkey with a stick.
Place Rank: held by Guadeloupe in the list of all countries worldwide ranked by population (from the best population to the lowest population) July as of 1 of the year indicated.,Global Rank: Position held by Guadeloupe in the list of all countries worldwide ranked by population (from the highest population to the lowest population) as of July 1 of the year indicated.
2 The injection machine of HP 299.,2. Larger Base For X299 CPU Thermal Solution.
Instite rely on custom handler.,Install a custom output handler.
"Thanks for the give away and Happy Holidays, My 2018 goal will be to add afew additional design teams on resume, and starts doing registration for publication!","Thanks for the giveaway and Happy Holidays, My 2018 goal is to add a few additional design teams on my resume, and start doing submission for publication!"
"But al-Qaeda under Osama bin Laden made inroads with Iran during his days in Sudan, according to the US government's 9/11 Commission and commission said al-Qaeda's militants later received ducation in Lebanon from the Shiite militant group Hezbollah, which Iran backs to this day.","But al-Qaeda under Osama bin Laden made inroads with Iran during his days in Sudan, according to the US government's 9/11 Commission. The commission said al-Qaeda militants later received training in Lebanon from the Shiite militant group Hezbollah, which Iran backs to this day."
Far West Fungi’s-ian Garrone notes that this year has been the best season for chanterelles in years.,Far West Fungi’s Ian Garrone notes that this year has been the best season for chanterelles in years.
"Tags: vikram’s ‘i’ to be released on 9th january, Vikram,I,Tamil Cinema News, Today Cinema News, Tamil Cine News, Tamil Latest Cine News, Today Ratest Tamil News, Today Tamil Cinema News.","Tags: vikram’s ‘i’ to release on january 9, Vikram,I,Tamil Cinema News, Today Cinema News, Tamil Cine News, Tamil Latest Cine News, Today Latest Tamil News, Today Tamil Cinema News."
"If you looking for dream vacation with good weather, beach, house and many cheap price, go to Bali!","If you are looking for dream vacation with good weather, beach, food and cheap prices, go to Bali!"
Trasmaterial has a post on polymer that can repair itself - Self-Re-Generating Polymer.,Transmaterial has a post on a polymer that can repair itself - Self-Regenerating Polymer.
"Applications in Fringe Run Venues are accepted on a 'first-come-first-served' sheet, interfacing on what we can accomodates in our venues.","Applications in Fringe Run Venues are accepted on a first-come-first-served basis, dependent on what we can accommodate in our venues."
"If you have another questions about how to become a dealer, please submit your inquiry in the firmed issued.","If you have more questions about how to become a dealer, please submit your inquiry in the form provided."
"It also rejected the opposition fee that the issue was not only being taken seriously, but was being ""butchered"" by the way the concerns of members were being replied to.","It also rejected the opposition charge that the issue was not only being taken seriously, but was being ""butchered"" by the way the concerns of members were being replied to."
"For photos, more things do do, ratings, more tourist information, go to the Berlin online trip itinerary planner .","For photos, more things to do, ratings, and more tourist information, go to the Berlin online trip itinerary planner ."
"In a large bowl: combine broccolis, carrot, red onion, apples, pecan and dried cranberry.","In a large bowl combine broccoli, carrots, red onion, apples, pecans and dried cranberries."
Hurl is a great tool used for testing apis.,Hurl is a great resource for testing APIs.
High Fructose Corn Syrup contains contaminants including mercury that are not measured or regulated by FDA.,High Fructose Corn Syrup contains contaminants including mercury that are not regulated or measured by the FDA.
"Hold high expectations for students’ personal, emotional, social, academic growth for young.","Hold high expectations for students’ personal, emotional, social, and academic growth."
AURORA FIRE STATION NO 1 - New 14 00000 fire SF Response center too.,"AURORA FIRE STATION NO. 1 - New 14,000 SF fire station and response center."
High speed support for up to 500 target printer across the LAN/WAN and Internet.,High-speed support for up to 500 target printers across the LAN/WAN and Internet.
Item097 Special committee on provincal government draft recommendations.,Item097 - Special committee on provincial Government draft recommendations.
"If you would like to consider how your church could get involed, do contact with these agencies as gives Global Connections and we will found someone who ca help.","If you would like to consider how your church could get involved, do contact these agencies or Global Connections and we will find someone who can help."
Oh I just thought he was robotriping.,"Oh, I just figured he was robotripping."
"I have been a member of the Chiropractic choice team since 2006, I am married to the principal chiropractor Dr Craig Smith.","I have been a member of the team at the Choice Chiropractic since 2006, I am married to the principal Chiropractor, Dr Craig Smith."
Here has both healing and the liaxative quality.,which has both healing and the laxative quality.
Blog Will Settling Class Action got More Difficult in 2019?,Blog Will Settling Class Actions Get More Difficult in 2019?
"And your song, also, that is the same as theme song.","And your song, as well, which is the same song."
You CAN build and your own swimming pool!,You CAN build your own swimming pool!
"4 and finally, having a registered trademark can often do to the sale process of a Business because shows that you have protected your intellectual property.","4. And finally, having a registered trademark can often help with the sale process of a business because it shows that you have protected your intellectual property."
"This is perfect because i realize there are still people worried for creating poetry's, acctually this is so much exciting me because I'm taking a course of poetry.","This is perfect because I realize there are still people worried for creating poetry, actually this is so exciting for me because I'm taking a course of poetry."
General bonus information Remeed the bonus us for casino cashier The bonus can perfect for players from the following countries: Offshore business license of this casino is from jurisdiction Costa Rica.,General bonus information Redeem the bonus at the casino cashier The bonus is valid for players from the following countries: Offshore business license of this casino is from the jurisdiction Costa Rica.
"Sydney is a great palce to visit with kids, Taronga Zoo is one of the best zoo’s in the world and provides you with amazing views above thehaber! For even better views, try the Sydney Harbour Bridge Climb!","Sydney is a great place to visit with kids, Taronga Zoo is one of the best zoo’s in the world and provides you with amazing views across the Harbour. For even better views, try the Sydney Harbour Bridge Climb!"
"Cooks will love the stylish kitchen with stainless steel's appliances, solid surface countertops, gas range, under-mount sink and pantry cabinet.","Cooks will love the stylish kitchen with stainless steel appliances, solid surface countertops, gas range, under-mount sink and pantry cabinet."
"Around all Thessaloniki, Central Macedonia.","All about Thessaloniki, Central Macedonia."
"The Tao of Spiritual Partnership / Gabriella Kortsch, PhD: Do really have to someone blame for someone?","The Tao of Spiritual Partnership / Gabriella Kortsch, PhD: Do You Really Have to Blame Someone?"
Corticosteroids and early rehabilitation may be beneficial for long-term outcomes.And an antiviral medication; is not found to be helpful.,Corticosteroids and early rehabilitation may be beneficial for long-term outcomes.An antiviral medication is not found to be helpful.
"The Impact of Specialist Form Acquisitions on Market Quality (with B. Hatch), Journal of Financial Economics, October 2002.","The Impact of Specialist Firm Acquisitions on Market Quality (with B. Hatch), Journal of Financial Economics, October 2002."
"The Life Gu worms were wiggling on inside Sha Zhao's chest, their small claws weaving like the skillful craftsmen patching his wounds, making them dont bleed.","The Life Gu worms were wiggling inside Sha Zhao's chest, their small claws weaving like the skillful craftsmen patching his wounds, making them stop bleeding."
"6.It was method of the claim as a grid pattern, a series string pattern, a series or parallel pattern, or a series of repeating circuits.","6. The method of claim 5 wherein the pattern is a grid pattern, a series string pattern, a series or parallel pattern, or a series of repeating circuits."
"Serial ports is also used to connect equipment together: modems of any type or another (PSTN, 3G, satellite), GPS units, telescopes sensors power inverters, and many type of industrial control equipment.","Serial ports are also used to connect equipment together, e.g. modems of one type or another (PSTN, 3G, satellite), GPS units, telescopes, sensors, power inverters, and many type of industrial control equipment."
"With the full support of our highly experienced cutomer service team and the local knowledge of our highly trained operations staff, we have been well-placed to deliver your cargo with these specialised haulage operations from origin to final destination by road in a timely and efficient manner.","With the full support of our highly experienced customer service team and the local knowledge of our highly trained operations staff, we are well-placed to deliver your cargo with these specialised haulage operations from origin to final destination by road in a timely and efficient manner."
"To reveal a whole host of reasons to indie authors in embrace to which is London Book Fair, this preview is of special interest to self-publishing authors – and for those's who can’t return, we look forward to ALLi’s free-Self-Publishing Advice Conference which is running live online as follows Saturday. (March 16).","We’re excited to reveal a whole host of reasons for indie authors to embrace London Book Fair, with this preview of events of special interest to self-publishing authors – and for those who can’t attend, we look forward to ALLi’s free Self-Publishing Advice Conference, which runs live online the following Saturday (March 16)."
"Which parts of the implementation are we writing our own logic, which are we handing over off other API or library?","Which parts of the implementation are we writing our own logic, and which are we handing off to another API or library?"
Our Wokingham iPhone screen repair station is also offering while you wait repairs and same day repairs as well.,Our Wokingham iPhone screen repair centre is also offering while you wait repairs and same day repairs as well.
"View event flyer here, or click below.","View event flyer here, or click below."
"Whether your building traffic warrants continuous entrance cleaning and several restroom cleanings per day, or your clientele demand a pristine building, rest's assured that CleanGlo Services LLC will deliver on the best porter services in Brunswick!!","Whether your building traffic warrants continuous entrance cleaning and several restroom cleanings per day, or your clientele demand a pristine building, rest assured that CleanGlo Services LLC will deliver on the best porter services in Brunswick!"
Nail jusrt published a report on the topic for forrester.,Nail just published a report on the topic for Forrester.
The final snorkel has the same intake area below the filter and nearly the same airflow pattern so I can't imagine there are any measurable difference of airflow from the filter to the fuel servo,The final snorkel has the same intake area below the filter and nearly the same airflow pattern so I can't imagine there is any measurable difference in airflow from the filter to the fuel servo.
"Three-act struture, creative way to design a sales conversation to explore client needs, offer solutions and deliver value.","Three-Act Structure, a creative way to design the sales conversation to explore client needs, offer solutions, and deliver value."
"In this haven of calm and peace, you will do rent on a contribution weekly and all year round, Our charming villa, cypresses that 4 stars is listed and label “Qualité Var”.","In this haven of calm and peace, you will rent on a weekly basis and all year round, our charming villa, The Cypresses, which is listed 4 stars and labelled “Qualité Var”."
"When we loan you, you blame us for your national debts and over-consumption.","When we loan you cash, you blame us for your national debts and over-consumption."
Wenger insisted he never doubted arsenal’s character but it was pleased to see them played down it such tricky fixture.,"Wenger insisted he never doubted Arsenal’s character, but conceded it was pleasing to see them show it in such a tricky fixture."
"Devices that use the 2019-04-01 security patch level must include all issues associations to security patch level, as well as corrections to know issues related to former security bulletins.","Devices that use the 2019-04-01 security patch level must include all issues associated with that security patch level, as well as fixes for all issues reported in previous security bulletins."
"When multiple reputations are shared and case problems make me a question about other people’s climate, I always learn something new.","When multiple perspectives are shared and there’s space to ask questions about other people’s experiences, I always learn something new."
"Williams also believes that the eesction' of the walk is to to not only memorialize the lives lost, but to also to show the determination of the young people community.","Williams also believes that the goal of the walkout was to not only memorialize the lives lost, but to also show the determination of the youth community."
You need to confirms your email signature.,You need to confirm your email signature.
"Because of alchohl % by valume wines, cerebrais, specialities and others please are referring to labels.","For exact alcohol % by volume of wines, liqueurs, specialities and others please refer to labels."
"RT @The RealAnsky: I gotta give @ partepoker credit for the dramatic improvement to their tournament schedule, and general effort being made.","RT @TheRealAnsky: I gotta give @partypoker credit for the dramatic improvement to their tournament schedule, and general effort being made."
"Then we hear that Lady Bird Johnson insist that Jenkins come to work for her in Austin: and not the effect of the scandal on the election, which LBJ won handily th is is the most interesting part: The tug between affection and power in the couple's relationship.","Then we hear Lady Bird Johnson insisting that Jenkins come to work for her in Austin. This — and not the effect of the scandal on the election, which LBJ won handily — is the most interesting part: The tug between affection and power in the couple’s relationship."
ECON 22N Causing Consequences of the Rise in Inequality 3 Units.,ECON 22N. Causes and Consequences of the Rise in Inequality. 3 Units.
"The article is well written and certainly timely, for which the author, Jane, is to thanks.","The article is well written and certainly timely, for which the author, Jane, is to be thanked."
ELAS questioned 700 businesses employee since managers rediscovered Mr.Kand found that almost four in 10 claimed to have gotten a job candidate with a cv or interview suggesting that the problem may be even more widespread.,ELAS questioned 700 managers at businesses across theUKand found that almost four in 10 claimed to have caught a job candidate lying either on a CV or in an interview - suggesting that the problem may be even more widespread.
It will gurantee every puppy is farm in proper in the most efficient way.,It will guarantee that every puppy is raised properly in the most efficient way.
"Additionally I would recommend to install Kitematic, simple and powerful graphical user interface to a. your dockeb Environment.","Additionally I would recommend to install Kitematic, a simple and powerful graphical user interface to manage your Docker environment."
"New Editor in Cheif Jorge Mercado introduce himself and examine the past three years in college, and the nexus, that led him till this point.","New Editor-in-Chief Jorge Mercado introduces himself and examines the past three years in college, and the nexus, that has led him to this point."
We should not argue those fake plastic trees.,We should not argue about those fake plastic trees.
How did you get to go to company with amitabh bachchan,How did you get to work with Amitabh Bachchan?
Michigan GOP hopefuls have a turkey choice: Love Trump or leave race.,Michigan GOP hopefuls have a choice: Love Trump or leave race.
These old spare miniarcade are pretty endearing.,These old mini-arcade cabinets are pretty endearing.
"Wednesday, 18th July 2018 marked the centenary of the birth of Nelson Mandela and that as it has become customary at Personal Trust, the staff took the opportunity to reflect on his life and his contribution to the person of nation of South Africa by spending time of back to society.","Wednesday, 18th July 2018 marked the centenary of the birth of Nelson Mandela and, as has become customary at Personal Trust, the staff took the opportunity to reflect on his life and his contribution to the people of South Africa by spending time giving back to society."
"We cut right to it and brush the notions of pretendotyping and pretotyping, prototyping producting, and the Minimum Viable Product (MVP).","We cut right to it and tackle the notions of pretendotyping, pretotyping, prototyping, producting, and the Minimum Viable Product (MVP)."
Growth and profit oriented logistics enterprises across the globe from are looking to build powerful competitive differentiators have adopted the solution and adapted it to their unitque requirements.,"Growth and profit oriented logistics enterprises, across the globe that are looking to build powerful competitive differentiators have adopted the solution and adapted it to their unique requirements."
"A few years ago while Madeleine, Regan, and Emma (...) were playing together were deferred to as the Three Musketeers and the name was stuck.","A few years ago (not sure how many), while Madeleine, Regan, and Emma were playing together they were referred to as the Three Musketeers……. and the name stuck."
To check your temperature every 2 to 4 hours to make sure treatments in return is working,Be sure to check your temperature every 2 to 4 hours to make sure home treatment is working.
2. This product can be variously applied onot another dry piarts of skins besides to face.,2. This product can be variously applied onto other dry parts of skin besides face.
The viva-voce examination forms the finished representation in space your research degree that defines your thesis documentation.,The viva-voce examination is the final representation of your research degree that defines your thesis documentation.
"Virtual Reality, Augmented Reality... related topics to the hardware, software, technical and creativet davery of the medium.","Virtual Reality, Augmented Reality and related topics to the hardware, software, technical and creative development of the medium."
French onionsoup soup recipe - Just Like panera bread's recipe!,French Onion Soup Recipe - Just Like Panera Bread's Recipe!
"Discussion in 'Femmes it started by lanvinray, Jun 29, 2009.","Discussion in 'Femmes' started by lanvinray, Jun 29, 2009."
Coverage of the IfG's report of how the UK should approach negotiations into for the future relationship between the EU.,Coverage of the IfG's report on how the UK should approach negotiations on the future relationship with the EU.
This movie: Creative Commons By Kanoha (Own work) [CC BY-SA 3.0 (http://www.creativecommons.org/comm/edit.html see here].,Image: Creative Commons By Kanoha (Own work) [CC BY-SA 3.0 (http://creativecommons.org/licenses/by-sa/3.0).
availability for a amount of your choice.,Available for the amount of your choice.
learn and grow by taking these joyful and performance schools.,learn and grow by taking these joyful and nurturing classes.
We have safe clean and healthy environments in compliance of all applicable law and regulations.,We maintain a safe clean and healthy environment in compliance with all applicable laws and regulations.
JESUS IS STILL IN COMPLETE CONTRAUL- Man’s activities or programs will NEVER be superior to ITS POWER!!,JESUS IS STILL IN COMPLETE CONTROL—Man’s activities or programs will NEVER be superior to HIS POWER!!
He achieved an A-level and school prize for art before completing for a foundation art and design course at Leeds College and then a BA in Fine Arts from Loughborough University.,He achieved an A-level and school prize for art before moving on to a foundation art and design course at Leeds College and then a BA honours in Fine Arts from Loughborough University.
Race to Goa Assembly happens: BJP Leader Pramod Sawant for success Manohar Parrikar as new Goa CM Swearing in at 9 PM claims sources.,"Race to Goa Assembly begins: BJP Leader Pramod Sawant to succeed Manohar Parrikar as new Goa CM. Swearing in at 9 PM, claimed sources."
"2/1275 had Gruffydd, his wife Hawise and his son Owain all involved with Llywelyn's brother Dafydd ap Gruffydd in an attempt to assassinate Llywelyn. [The assassinatin was prevented by snow storm] The family went in exile again in England 33387 at Shrewsbury?33387details of the plot were later revealed by Gruffydd’s son Owain to the bishop of Bangor – other records indicated Owain exposed the plot to Llywelyn.] (S) History of Wales, V2, Lloyd, 1912, P748.","2/1275, Gruffydd, his wife Hawise and his son Owain were all involved with Llywelyn's brother Dafydd ap Gruffydd in an attempt to assassinate Llywelyn. [The assassination was prevented by a snow storm.] The family went in exile again in England at Shrewsbury. [The details of the plot were later revealed by Gruffydd’s son Owain to the bishop of Bangor – other records indicated Owain exposed the plot to Llywelyn.] (S) History of Wales, V2, Lloyd, 1912, P748."
The huge smile on the face of Kenya’s first-ever Olympic find-200: Philip Boit on the bottom of the slope said all.,The huge smile on the face of Kenya’s first-ever Winter Olympian Philip Boit at the bottom of the slope said it all.
I confirm this anoying bug !,I confirm this annoying bug !
"01:30PM Is Bio-Rad Laboratories, Inc. (NYSE:BIO) A Strong Companies Simply Wall St.","01:30PM Is Bio-Rad Laboratories, Inc. (NYSE:BIO) A Financially Strong Company? Simply Wall St."
"So I popped up to the surface and asked one of his mates to do the same, at this point mention is useful to show the guys what you are doing, and show them the pictures-on the back of the cameras.","So I popped up to the surface and asked one of his mates to do the same, at this point its useful to show the guys what you are doing, and show them the pictures on the back of the camera."
Unplug a toaster prior to teardown.,Unplug the toaster prior to teardown.
How to plan a trip to Nubra Valley from Leh city?,How to plan a trip to Nubra Valley from Leh?
"On top of Mul-unoh-koh, look of down up with ewe climbed.","On top of Nohoch Mul, looking down at what we climbed."
"Belinda – Pontiac, MI 2/13/2016 Want to save money!! Over 70 bucks for an oil change is absolutely ridiculous: ! never again!!","Belinda – Pontiac, MI 2/13/2016 Wanted to save money!! Over 70 bucks for an oil change is absolutely ridiculous!! Never again!!"
"We have dump state and commercial even residential ones biga in Weogufka,",We have the commercial and residential dumpster service you need in Weogufka.
The David Essex musi cal All The Fun Of The Fair in London after an ever major eight months UK tour.,The David Essex musical All The Fun Of The Fair in London following a major eight month UK tour.
And then I also began to doubt.,"And then, I also began to doubt."
"But if in all, I will assert that if the work is being done a little, Aroy will be a very good option in far Eastern cuisines on the doorsteps of the residents of J P Nagar.","All in all, if the standard of waiting is improved, Aroy will be a very good option for far Eastern cuisine, right on the doorsteps of the residents of J P Nagar."
Speak us if it helped you.,Tell us if it helped you.
The seperate Technical & Financial Bids are invited from eligible companies/firms with minimum turnover of Rs: 10 Crores in annum and having adequate experience about the habuto in Government departments/PSUS on providing security cover/ experienced & trained On mannner of CCTVs in Noida Special Economic Zone spread over 310000 ha land.,Separate Technical & Financial Bids are invited from eligible companies/firms with minimum turnover of Rs. 10 Crores per annum and having adequate experience in the field of Security in Government / Semi Government departments/PSUS for providing security cover/ experienced & trained Security personnel/manning of CCTVs in Noida Special Economic Zone spread over 310 acres of land.
"Canadian Outside the Depot – Siberia, Russia, painting Colonel Louis Keene.","Canadian Outside the Depot – Siberia, Russia, painting by Colonel Louis Keene."
"Select the following menu items: diagnosis / enhance obd ii / data list / misfire / cyl #1, #2, #3 and #4.","Select the following menu items: diagnosis / enhanced obd ii / data list / misfire / cyl #1, #2, #3 and #4."
Pakistan completely outplayed Australian and how.,Pakistan completely outplayed the Australians and how.
"The datae of 8 key infrastructure sector industries including steel, cemented and petroleum revealed that growth rate in July slipped from 8.2 per cent to 1.8 per cent the the lowest last in nine month.","The data of eight key infrastructure sector industries including steel, cement and petroleum revealed that growth rate in July slipped from 8.2 per cent to 1.8 per cent, the the lowest in the last nine months."
"Next on Newser: Obama stays on trump, GOP Why 'so angry all the time'?","Next on Newser: Obama Stays on Trump, GOP: Why 'So Angry All the Time'?"
"BoardWalk of Bakery - Baked goods, sous, salads and sandwiches.","BoardWalk Bakery - Baked goods, soups, salads and sandwiches."
Kratz went 1-for-4 in Wednesday victory over the Padre.,Kratz went 1-for-4 in Wednesday's victory over the Padres.
1 I (go) to fance last year for a holiday.,1. I (go) to France last year for a holiday.
The Nor Shipping meeting will be relation for four days from May 30 to June 2 in Oslo (Norway).,"The Nor-Shipping conference will take place for four days from May 30 to June 2 in Oslo, Norway."
I saw no problems with adjusting clocks at any temp like we all know it from GeForce GTX 980 Ti graphic.,"I saw no problems with adjusting clocks at any temp, like we all know it from GeForce GTX 980 Ti graphics cards."
"Not willing to give up on my branch, I took it to the jewelry’s desk and placed it on firebrick.","Not willing to give up on my branch, I took it to the jeweller’s desk and placed it on a fire brick."
"A spart of an ongoing international collaboration on climate change adaptation, CIER hosted a week-long workshop on climate adaptation, with participants from Maryland and Germany Nordwest 2050 Project, to share lessons and strategy between these regions which have in common many geographic features and climate-vulnerable industries and infrastructure, and have taken a leadership role in preparing for possible future climate conditions.","As part of an ongoing international collaboration on climate change adaptation, CIER hosted a week-long workshop on climate adaptation, with participants from Maryland and Germany's Nordwest 2050 Project, to share lessons and strategies between these regions which have in common many geographic features and climate-vulnerable industries and infrastructure, and have taken a leadership role in preparing themselves for possible future climate conditions."
Rabe Creed defeat Kanji by pinfall.,Raven Creed defeated Kanji by pinfall.
Most of prints are limited time release but what my print was designed specifically for 2 nuns will avalible longer will came.,Most prints are on a limited time release but as my print was designed specifically for 2 Nuns it will be available for longer.
A~men! Luv your emphases on this point!,A~men! Luv your emphasis on this point!
"The rate of an atmospheric temperature of average surface rise will be continued over the next century, according to the Intergovernmental Panel on Climate Change (IPCC).","The rate of average surface water temperatures rise is expected to continue over the next century, according to the Intergovernmental Panel on Climate Change (IPCC)."
Caroline: When did you find out you had the BRCA gene,Caroline: When did you find out you had the BRCA gene?
Let’s make money while stay safe!,Let’s make money while staying Safe!
Job with the chosen Agent in a first court hearing in front of a porbate judge.,Work with the chosen Agent at a first court hearing in front of a probate judge.
The following remarks were given by Monica Atiya to a meeting of local and congress leaders about how to best reduce gun violence in America.,The following remarks were given by Monica Atiya to a meeting of local and congressional leaders on how to best reduce gun violence in America.
"Carillion collapse Mr Clark’s statement comes in the following the collapse of the large construction and services company, Carillion The government were criticised for continuing to grant contracts to Carillion even after they appear the company has been in financial difficulties.","Carillion collapse Mr Clark’s statement comes in the wake of the collapse of the large construction and services company, Carillion. The government was criticised for continuing to grant contracts to Carillion even after it appeared the company was in financial difficulties."
"Non-Orthodox scholars cannot answer these questions because, to do so honestly and truthfully, s have to admit that in fact the Ortodox Church through the guidance of the Holy Spirit has preserved intact and correctly the Holy Scriptyures, moreover this preservation is in part assured by the dogma and doctrine of the chruch which draw from the Scripture and provide evidence and support of its truth.","Non-Orthodox scholars cannot answer these questions because, to do so honestly and truthfully, they would have to admit that in fact the Orthodox Church, through the guidance of the Holy Spirit, has preserved intact and correctly the Holy Scriptures. And, moreover, this preservation is in part assured by the dogma and doctrine of the Church which both draw from the Scripture and provide evidence and support of its truth."
It's not all that interesting was beautiful song nevertheless.,"It's not all that interesting, but a beautiful song nevertheless."
"Poice have call ""muggle"" assistance to find a mafifacur they think can help them solve a crime.","Police have called for ""muggle"" assistance to find a wizard they think can help them solve a crime."
and Chicas Sin Limites or Girls Without Limited where you could make a swimsuit just for you with choosing the fabric and the design.,"and Chicas Sin Limites, or Girls Without Limits, where you can design a swimsuit just for you by choosing the fabric and the design."
"Access ible Parking: There is an accessible parking space at the Testing Center entrance, which is located around the back of the building (facing sites).","Accessible parking: There is an accessible parking space at the Testing Center entrance, which is located around the back of the building (facing campus). Visitors are also able to park in the driveway adjacent to the building."
We recommend you take out travel insurances for your trip.,We recommend you take out travel insurance for your trip.
And that film – if it somehow find light of day – does n't make it beyond the local indie theatre.,And that film – if it somehow saw the light of day – would not have made it beyond the local indie theatre.
"Reccommend Laura and Lance Longwell, read about their Greece travels.","Recommended by Laura and Lance Longwell, read more on their Greece travels."
Times has reported that the number of European footballers allowed to play in the Premier League would drop by “about two-thirds” if no agreement can be reached between the league and the FA following reports such that clubs have been warned by the FA that would not be room for negotiation on the size of the overseas quota.,The Times has reported that the number of European footballers allowed to play in the Premier League would drop by “about two-thirds” if no agreement can be reached between the league and the FA. The report added that clubs have been warned by the FA that there would be no room for negotiation on the size of the overseas quota.
The prisoner were handed over to India’s Border Security Force; in this they had been arrested for a variety of charges such as illegally crossing the border and overstaying their visas in Pakistan.,The prisoners were handed over to India’s Border Security Force near Wagah. They had been arrested for a variety of charges such as illegally crossing the border and overstaying their visas in Pakistan.
"Every course offered within Law Enforcement Operations section teaches officers essential and critical skills in a range of subjects including criminal investigations, crime against persons, property crime, drug disposition investigation, forensics, traffic crash investigation, DUI apprehension, drug reconition expert, other traffic related courses and the Coroner's training Program.","Courses offered within the Law Enforcement Operations section teach officers essential and critical skills in a wide range of subject areas including: criminal investigations, crimes against persons, property crimes, drug enforcement investigations, forensics, traffic crash investigation, DUI apprehension, Drug Recognition Expert, other traffic related courses, and the Coroner’s Training Program."
Or a blend Index fund like a not very target retirement fund to?,"Or a blended index fund, like a target retirement fund?"
"Episodes Short Description: Tonight we watch the crazest movie we've ever show, '' Fantasy Mission Force: fantasy rag tag: group of heroes must save Abraham Lincoln from the nazis!","Episode Short Description: Tonight we watch the craziest movie we've ever shown, ''Fantasy Mission Force''. A rag tag group of heroes must save Abraham Lincoln from the Nazis!"
â¦and lets not forget Mi!!!,â¦and lets not forget Miami!!!
Hi there I know you may not have an answer to this but were due to dietary restrictions I was considering using sugarless maple syrup with this recipe… do you think that would turn out OK or the craft sweetners cook differently?,"Hi there, I know you may not have an answer to this but due to dietary restrictions I was considering using sugar-free maple syrup with this recipe… do you think that would turn out alright or would the artificial sweetners cook differently?"
The cause of the fire has been officially ruled undermine probability that an electrical effect is detected by the State Fire Marshals Office fire investigator for the insurance company is leaning toward electrical as well however may have to have some items tested in a lab to make a final determination.,"The cause of the fire was officially ruled undermined, with a probability of electrical by the State Fire Marshals Office. The fire investigator for the insurance company is leaning towards electrical as well, but may have to have some items tested in a lab to make a final determination."
"The video has picked up more than 7000000 views sinc'ime Priebe / Priebe had posted it five days ago -- not bad though not much as his / her Spider-Man ""Webshooter "" or his prototype of laser cannon (1,3,000,000)","The video has picked up more than 700,000 views since Priebe posted it five days ago -- not bad, though not as much as his Spider-Man ""Webshooter"" (2.1 million views) or his laser cannon prototype (1.3 million)."
Our popular 'San-pag-pal chat rooms fare one of the most engaging places to meet like minded online chatters.,Our popular San chat rooms are one of the most engaging places to meet like minded online chatters.
McHugh has since ordered a review of the Code of Feneral Regulations - Which governs eligibility for interment and inurnment at Arlington to see if change may be needed.,McHugh has since ordered a review of the Code of Federal Regulations - which governs eligibility for interment and inurnment at Arlington - to see if changes may be needed.
In literary writer I had a lot of fun to know experiments in this genre.,As a literary writer I had a lot of fun experimenting in this genre.
Supporters of the legislation also see the legislation as Jobs Bill in that in specifically is included language from Firearms Freedom Acts that have been passed in various states since 2009,Supporters of the legislation also see the legislation as a jobs bill in that is specifically includes language from Firearms Freedom Acts that have been passed in various states since 2009.
"Last edited by Jetguy on Tue Apr 26, 2016 - 3:57 pm, edited 1 time in total.","Last edited by Jetguy on Tue Apr 26, 2016 3:57 pm, edited 1 time in total."
"Little went right for England on the game since deciding to leave out Stuart Broad, preferring Rashid in their 2nd Spinner and Curran as the new-ball bowler, both of whom were ineffective.","Little went right for England in the game since deciding to leave out Stuart Broad, preferring Rashid as the second spinner and Curran as the new-ball bowler, both of whom were ineffective."
Maybe the startling blue skies and sunshine that sent me in overdrives.,Maybe it’s the startling blue skies and sunshine that sent me into overdrive.
"Designed to breathe life communication into every nook and cranny within an organization, Pulse provides support for outfits of any size and claims to be an equal-opportunity platform when it comes to CRM or collaboration tool choice.","Designed to breathe life communication into every nook and cranny of an organization, Pulse supports outfits of any size, and claims to be an equal-opportunity platform when it comes to CRM or collaboration tool choice."
Register soon! to bring your family out to Blandford Nature Center for a fun snow day!,Register soon to bring your family out to Blandford Nature Center for a fun snow day!
Instagram: Here’s Why You Could Create Your Business Account Today.,Instagram: Here’s Why You Should Create Your Business Account. Today.
"For national PES schemes involving many buyers and sellers, mechanisms to monitor, audit and accredit schemes will need to be developed on a habitat-by-habitat (eg, woodlands and peatlands) or service-by-service basis (eg, guidance from Ofwat for water industry PES schemes).","For national PES schemes involving multiple buyers and sellers, mechanisms to monitor, audit and accredit schemes will need to be developed on a habitat-by-habitat (eg, woodlands and peatlands) or on a service-by-service basis (eg, guidance from Ofwat for water industry PES schemes)."
Is very pink) but green:!,It is very pink but green!
House select in Colindale: fully comprehensive service.,House Clearance in Colindale: A fully comprehensive service.
"Ms. CLARK of Massachusetts Mr. Speaker I thank Chairman Kline and ranking member Scott for their leadership of this bill and for proving that Conigress can linten to our educators, adminstrators, and communities and put the needs of our student first.","Ms. CLARK of Massachusetts. Mr. Speaker, I thank Chairman Kline and Ranking Member Scott for their leadership on this bill and for proving that Congress can listen to our educators, administrators, and communities and put the needs of our students first."
"If you’ve got a hankering to loads up the latest and greates game on your Windows Phone, Microsofts has manage to sneak in doozy, with 8 new blockbuster games coming to Xbox by Windows Phone staed Top Gun and others.","If you’ve got a hankering to load up the latest and greatest games on your Windows Phone, Microsoft has managed to sneak in a doozy, with 8 new blockbuster games coming to Xbox on Windows Phone including Top Gun and others."
"The three times Pro bowl selection, who was cut by the Cowboys earlier this offseason, visited Brown in hope to catch on the begging team.","The three-time Pro Bowl selection, who was cut by the Cowboys earlier this offseason, visited the Browns in hopes of catching on with the seemingly budding team."
"Cowie, PA, Phillip, RJ, Roberts, GP, McCaffrey, K, Zijerveld, LJ, Gregory, LC, Walker, JF, Wedmore, LN, Dunai, TJ, Binnie, SA, Freeman, SP, Wilcken, K, Shanks, RP, Huismans, RS, Papanikolaou, I, Michetti, AM & Wilkinson, M, 2017 , Orogen-scale uplift in the central Italian Apennines drive drive episodic behaviour of earthquake faults","Cowie, PA, Phillips, RJ, Roberts, GP, McCaffrey, K, Zijerveld, LJ, Gregory, LC, Walker, JF, Wedmore, LN, Dunai, TJ, Binnie, SA, Freeman, SP, Wilcken, K, Shanks, RP, Huismans, RS, Papanikolaou, I, Michetti, AM & Wilkinson, M, 2017, Orogen-scale uplift in the central Italian Apennines drives episodic behaviour of earthquake faults. Scientific Reports, vol 7."
What is THEREFORE Included in an All Inclusive Trip. (flim) on Caribbean?,What is Not Included in an All Inclusive Trip on Royal Caribbean?
The agency told BuzzFeed News in statement it had unsuccessfully tried to contact the family three seperates occassions including the day of the crash.,"The agency told BuzzFeed News in a statement it had unsuccessfully tried to contact the family on three separate occasions, including on the day of the crash."
"Greek Syntax: First Thessalonians 4:16, Part III (with video.) This post shows how to search articular and anarthrous instances of εν Χριστω.","Greek Syntax: First Thessalonians 4:16, Part III (with video). This post shows how to search for articular and anarthrous instances of εν Χριστω."
"Picosun ony (the leading supplier of advanced industrial ALD technology, announces collabroration with Retronix Semiconductor, a well-known and highly reputed global engineering service company, to further reinforce its support and service portfolio especially for production customers.","Picosun Oy, the leading supplier of advanced industrial ALD (Atomic Layer Deposition) technology, announces collaboration with Retronix Semiconductor, a well-known and highly reputed global engineering service company, to further reinforce its support and service portfolio especially for production customers."
"Or whingers' whiners that normally post fuzzy stuff to forums which they testifies as totally solid stuff compared to more solid stuff, to match thire visual abilities?","Or whingers and whiners that normally post fuzzy stuff to forums which they testify as totally solid stuff compared to more solid stuff, to match their visual abilities?"
"The driving permits for the Acheron road will not be issued during road closure periods except of ca. fact in exceptional circumstance, ca. farming operations fc and winter conditions.","Driving permits for the Acheron Road will not be issued during road closure periods except in exceptional circumstances, due to farming operations and winter conditions."
Evidence of source of funds is also necessary under the money laundering regulation as conveyancers are obilged to check that the money you are using will buy to a property (whether the deposit for exchange or the total purchase monies where you are a cash purchaser) is originating from a reputable source (such as employment savings) and be not the fruit of illegitimate activity.,Evidence of source of funds is also necessary under the money laundering regulations as conveyancers are obliged to check that the money you are using to buy a property (whether it be the deposit for exchange or the total purchase monies where you are a cash purchaser) has originated from a reputable source (such as employment savings) and is not the fruits of illegitimate activity.
"Hi all, I'm new to here and i know very little about my scooby so please to be kind!","Hi all, I'm new to here and I know very little about my scooby so please be kind!"
"On June 3rd, SBS‘s Midnight TV Entertainment cover the ongoing lengal battle between ex couple.","On June 3rd, SBS‘s Midnight TV Entertainment covered the ongoing legal battle between the former couple."
Smudge Aphrodite along the lower lash line and blend in Dedicated.,Smudge Aphrodite along the lower lash line and blend out with Dedicated.
"Both of these admirable aims would indeed benefits my household and others like ours in Rye, but CPE will make them impossible to achieve – in fact as, residents will be much worse over than before.","Both of these admirable aims would indeed benefit my household and others like ours in Rye, but CPE will make them impossible to achieve – in fact, residents will be much worse off than before."
MorrisAnderson engaged as CRO to assist in the implementation of growing finantial reporting projects.,MorrisAnderson engaged as CRO to assist in the implementation of improved financial reporting and projections.
They want to know anything that your dog particularly likes when out and about what they run towards and what's might get them too exciting points of to continue that 'll they know--be able to keep tight connection betweaen themselves and - stop them from getting too involved,They'll want to know anything that your dog particularly likes when out and about - what they'll run towards and what might get them particularly excited - so that they can keep a tight reign over them and stop them from getting too involved.
siddhant_kdl: Just watch OMG - Oh My God.. Its your a must to watch for the God loving & God Fearing people... Heatr Be touching a damn good..!,siddhant_kdl: Just watched OMG - Oh My God.. Its a must watch for the God loving & God Fearing people... Heart touching & a damn good one..!
"AVONDALE, Colo. — Those who say illegal aliens exactly are doing the job American won’t do it apparently forget----about and American convict.","AVONDALE, Colo. — Those who say illegal aliens are doing the jobs Americans won’t do apparently forgot about American convicts."
Mechanical agitation type floatation cell unit with self air suction and combination of slury suction/no slurry suction production capacity 0.15 24 cube meter; Product improvement BF flotation cell has two types type I and type II; type I is improved as suction cell reffering to model SF; type II is improved as direct flow cell referring to model JJF.,A mechanical agitation type floatation cell unit with self air suction and combination of slurry suction/no slurry suction.Production capacity 0.15 24 cube meter.Product Improvement BF flotation cell has two types type I and type II. Type I is improved as suction cell referring to model SF; type II is improved as direct flow cell referring to model JJF.
Reference Type is the type of data which was a reference with where down the value is placed.,Reference Type is the type of data which makes a reference to where the value is placed.
"Descussion: Staphylococcus aureus is the most common creature in infections of the skin and subcutaneous tissue in injecting drug abusers with an increasing proportion of ORSA In addition to surgical decompession of abscesses, competent antibiotic therapy should provide coverage for gram-positive organismes (inclesion include ORSA) and Gram-negative organisms after","Discussion: Staphylococcus aureus is the most common pathogen in infections of the skin and subcutaneous tissue in injecting drug abusers with an increasing proportion of ORSA. In addition to surgical decompression of abscesses, empiric antibiotic therapy should provide coverage for Gram-positive organisms (including ORSA), Gram-negative organisms and anaerobes."
"ASTM (2009) D 1876: Standard Test Method for Dynamic Young’s Modulus, Shear Modulus, and Poisson’s Ratio by Impulse Excitation of Vibration.","ASTM (2009) D 1876: Standard Test Method for Dynamic Young’s Modulus, Shear Modulus, and Poisson’s Ratio by Impulse Excitation of Vibration. West Conshohocken, Pennsylvania, USA."
"The Business Planning App helps us build a break through bridge: other local and international organizations working with microcontractors haven't been able to tackle successfully. This is connecting technology, real opportunity and the sense of possibility in women who just a few hours before let them hesitate themselves by using a smartphone and can doubt their potential despite their myself talent and learned skills.","The Business Planning App helps us build a breakthrough bridge other local and international organizations working with micro-entrepreneurs haven't been able to tackle successfully - and that is connecting technology, real opportunity and the sense of possibility in women who just a few hours before hesitated themselves using a smartphone, and doubted their potential despite their inherent talent and learned skills."
"Senator James Inhofe (R-Oklahoma), a longtime pilot and EAA member, took to the Senate floor on Thursday to update his colleagues in the Pilot’s Bill of Right system and admit those senators not yet supporting the measure to sign on.","Senator James Inhofe (R-Oklahoma), a longtime pilot and EAA member, took to the Senate floor on Thursday to update his colleagues on the Pilot’s Bill of Rights 2 and urge those senators not yet supporting the measure to sign on."
"However, has luckily been for residents and visitors to Bath, many of the city&apos;s pubs ca n extricate to the website.","However, luckily for residents and visitors to Bath, many of the city&apos;s pubs come highly rated on the website."
The goal of Leadership Workshop Series is to give the students a tarily of resources and teaching tool for their success as transfer and/or graduate from College of Mainland.,The goal of the Leadership Workshop Series is to give the students a variety of resources and teaching tools for their success as they transfer and/or graduate from College of the Mainland.
Therefore withdraw through.,Therefore withdraw what you can.
"Let the things what I’ve done, do and beliave.","About the things I’ve done, do, and believe."
"15 ~ RESOLVED that Sullair super-portable air compressor. be bought from Flaman Sales and Rentalsfor the amount of $15,669.00 plus taxes.","15. RESOLVED that a Sullair portable air compressor be purchased from Flaman Sales and Rentals for the amount of $15,669.00 plus taxes."
Attention DJs and Blues Program Directors! • Ray Bailey HiFi to Free downloads now are constant for your Station on RadioSubmit.com.,Attention DJs and Blues Program Directors! • Ray Bailey HiFi free downloads are now available for your Station on RadioSubmit.com.
"As completed: as a MyObjectObservation class represent the information we get back about the world we’ll need two other Observations, MyTouchObservation and MyHoldingObservations writed as an example try writing these two Observaions that one property “touch” and MyHoldingObservation should have one string property “object”. If any difficulty in implementing these you can find reference implementation from the doc/tutorial/python/controller/ directory.","This completes the MyObjectObservation class, however to fully represent the information we get back about the world we’ll need two other Observation types, MyTouchObservation and MyHoldingObservation. Using MyObjectObservation as an example try writing these two Observations. MyTouchObservation should have one boolean property “touching” and MyHoldingObservation should have one string property “object”. If you have difficulty implementing these you can find a reference implementation in the doc/tutorial/python/controller/ directory."
NOTE: All blue gum as AUS made products are as like ECA accredited ..,Note: All Blue Gum's Australian made products are ECA accredited.
It’s only natural to wonder what various bits of news mean and make assumptions when we aren’t told the truth but Thomas advises us not to get worked up over what we are seeing/hearing; mockingbird media operatives are adept at presenting informations that serves our agenda with the slant to choose with only covering a part of story which graces reality entirely.,It’s only natural to wonder what various bits of news mean and make assumptions when we aren’t told the truth but Thomas advises us not to get worked up over what we are seeing/hearing. The mockingbird media operatives are adept at presenting information that serves their agenda with the slant they choose while only presenting part of the story which skews the reality entirely.
Dimensions: 465 x 180 x 360mm.,Dimensions: 465 x 180 x 360 mm.
Erection is process of anchoring of Pipes: they perform desired function effectively.,Erection is the process of anchoring the pipes so that they effectively perform their desired function.
Building Air Protection: Assess the HVAC system for improve for indoor air quality.,Building Air Protection: Assess the HVAC system to improve indoor air quality.
If you have any other trouble downloading nittygritty king kong post it in comments and our support Team or a community member will help you!,If you have any other trouble downloading nitty gritty king kong post it in comments and our support team or a community member will help you!
Euphonium Lite - a really clear than and well argued post; bravo!,Euphonium Lite - a really clear and well argued post; bravo!
Carry out instructions received by the head's chef.,Carry out instructions received by the head chef.
Also they work wonders for helping baby keeping his or her head enough when his tiny in their car seats.,"Also, they work wonders for helping baby keep his or her head upright when they are so tiny in their car seats."
"Otherwise, see System.Actions. Actions were instances of System.Actions.TContainedAction.","Otherwise, see System.Actions. Actions are instances of System.Actions.TContainedAction."
"With the Microsoft Azure CTP June Update, the Window Service Bus now offers Topics, rich, new publish-and-subscribe capability.","With the Microsoft Azure CTP June Update, the Windows Service Bus now offers Topics, a rich, new publish-and-subscribe capability."
"Use them while you you can, although and hope that their situation is resolved by club by sill in tact.","Use them while you can, and in the meantime hope that their situation is resolved with the club still in tact."
"Once the chocolate is set, remove from molds and enjoy!","Once the chocolate is set, remove from the molds and enjoy!"
They are several immersive as exploring the underwater world of Belize.,An immersive experience exploring the underwater world of Belize.
"Mango trees are farmed for fruit across India and tree is fast growing, and once they are no logos suitable for traditional fruit, selling the wood is an additional source of income for the farmers.","Mango trees are farmed for fruit across India. The tree is fast growing, and once they are no longer suitable for commercial fruiting, selling the wood is an additional source of income for the farmers."
This will remove the old dc from domain controllers group and should clear up the 'could not replicate' and 'cannot be validated' errors.,This will remove the old DC from the Domain Controllers group and should clear up the 'could not replicate' and 'cannot be validated' errors.
Kin detail fill in and we will get you back back to you - shortly.,Fill in the details and we will get back to you shortly.
"Inside the penteagon, Milley was seen as one of two top choices to succeed Dunford alongside the Air Force's top officer, General David Goldfein, a veteran fighter pilot who has served as chief of staff of his service since 2016.","Inside the Pentagon, Milley was seen as one of two top choices to succeed Dunford alongside the Air Force's top officer, Gen. David Goldfein, a veteran fighter pilot who has served as chief of staff of his service since 2016."
"Diuct on of the form below with your name and email and sends them a links to ""BIG SIX QUIZ! ISSUE 538!""","Fill in the form below with your name and email and send them a link to ""BIG SIX QUIZ! ISSUE 538!"""
tonight was another night Where I found someting else to do - TOLLEEIG,Tonight was another night where I found something else to do.
Take home state of art hearing aid that you can try different technology and price level.,Take home state-of-the-art hearing aids that allow you to try different technology and price levels.
"280 / (x 205 cm), oil on bottle.","280 x 205 cm, oil on canvas."
"And four of the firm's current agents raise d a further £1,525 for the organisation when they conquered the Two Castles Run.","And four of the firm's current agents raised a further £1,525 for the organisation when they conquered the Two Castles Run."
i think you can put himalayan salt into distilled water ti make it alittle more mineral fried friendly i believe,i think you can put himalayan salt into the distilled water to make it alittle more mineral friendly i believe.
All abstracts must come up to the guidelines set in the Abstract Guidelines document.,All abstracts must follow the formatting guidelines set in the Abstract Guidelines document.
"Although most autoimmune diseases predominately affected women, KSs appear to have an increased risk associated with males itself.","Although most autoimmune diseases predominately affect women, those with KS appear to have an increased risk compared to XY males."
basin by the use of a few pumps acting as artificial discharges.,the basin by the use of only a few pumps acting as artificial discharges.
I'm not sure which if this one is but I think almost people know them already! (a what suppose the sign say).,I'm not sure where this one is from but I think most people already knew that (what the sign says).
Learn about a computer or mobile devices such as a phone or tablet.,Learn about using a computer or mobile device such as a phone or tablet.
Hotels of Book Counsil Bluff on-line.,Book Council Bluffs hotel reservations on-line.
But then Brussels asked the Bulgarian government to cease work on the pipeline. because it deemed that violate the bloc’s competition rules.,But Brussels asked the Bulgarian government to cease work on the pipeline because it deemed it to violate the bloc’s competition rules.
Invested back in my funeral throng.,laggards in my funeral throng?
"It has been a tough balancing act: his father to three daughters, a husband, a full-time student as well as running a not-for-profit organization.","It has been a tough balancing act: being a father to three daughters, a husband, a full-time student as well as running a not-for-profit organization."
Lovbyig and advocacy: These are activities that help small farmers who farmers to expand production must meet their demand and that promote market access in multilateral trading system systems.,Lobbying and advocacy: These are activities that help smallholder farmers to increase production to meet demand and that promote market access within multilateral trading systems.
"Let me know about how we can arrange here up by your goal, what stage size you would be needed, Sound system and quotation.","Let me know about how we can arrange all this, what stage size you would be needed, Sound system and quotation."
Teodoro Locsin said that China’s authoritarian one-party system has provided oportunities for developing economy to glow and gain them momentum for imprvement that Western democracies currently lack.,Teodoro Locsin said that China’s authoritarian one-party system has provided opportunities for developing economies to grow and given them momentum for improvement that Western democracies currently lack.
Bridgestone Tour B's is on s ale for 2 for 70 in every major retailers.,Bridgestone Tour B's are on sale for 2 for 70 at all major retailers.
"Haofeng Hu, Guillaume Anna, and Francois Goudail, “On the performance of the physicality-constrained maximum-likelihood-estimating of Stokes vector,” Applied Optics 52(27), 6636-6644 (2013).","Haofeng Hu, Guillaume Anna, and Francois Goudail, “On the performance of the physicality-constrained maximum-likelihood estimation of Stokes vector,” Applied Optics 52(27), 6636-6644 (2013)."
The team used Cyberlink’s Power DVD as a sample of their findings. and stated that the application’s security procedure has gone through minimal modifications since Blu-ray support was implemented in 2009.,The team used Cyberlink’s Power DVD as a sample of their findings and stated that the application’s security procedure has gone through minimal modifications since Blu-ray support was implemented in 2009.
In my opinion the only way to end the cedi’s perennial depreciation is embarking on a comprehensive industrialization policy together with improvements in infrastructure as well as modernisation of the agriculture and tourism he said.,"In my opinion, the only way to end the cedi’s perennial depreciation is to embark on a comprehensive industrialisation policy together with improvements in infrastructure as well as modernisation of the agriculture and tourism, he said."
4 - line 12 muffins cups is paper linner or generously butter over the cups and the top on the pan around the muffin cups.,4. Line 12 muffin cups with paper liners or generously butter the cups and the top of the pan around the muffin cups.
"8JAMES YETTON is1 dadi WARDHO GROUP GROUP GROUP James YETTON was born 1845, Bethnal Green, London; was christened 21 Sep 1845, St Matthew, Bethnal Green, London; died 1906, Whitechapel, London.","8. James YETTON was born 1845, Bethnal Green, London; was christened 21 Sep 1845, St Matthew, Bethnal Green, London; died 1906, Whitechapel, London."
We pray and ask Good to forgive us and whoever was in our midst as we mutterd those words.,We pray and ask God to forgive us and whoever was in our midst as we muttered those words.
Don’t let bugs keep you from enjoying your backyard this summer; these plants arom mosquitoes irrationally!,Don’t let bugs keep you from enjoying your backyard this summer; these plants repel mosquitoes naturally!
"As he inaugurated the Plenipotentiary Conference 2010, Calderón defended against the granting of concessions of 1.7 gigahertz and 1.9 gigahertz tape bands, known as Bid 21, said the telecom market had been enhanced “without privileges” to certain groups”.","As he inaugurated the Plenipotentiary Conference 2010, Calderón defended the granting of concessions of 1.7 gigahertz and 1.9 gigahertz bands, known as Bid 21, and said that the telecommunications market had been enhanced “without privileges” to certain groups”."
"Sports, Extra-Curricular activities were awarded and achieved at District, National, Intlernational level, Academic diversity etc.","Sports, Extra-Curricular activities awards and achievements at District, National, International level, Academic diversity etc."
"A wide format printer can save businesses money by doing jobs in-house that they would typically exchange to an economy print shop, including blueprints and marketing material machines.","A wide format printer can save businesses money by doing jobs in-house that they would typically outsource to an expensive print shop, including blueprints and marketing materials."
Great ideas how to change that exceptional moon as we watched before.,Great ideas on how to portray that exceptional moon that we witnessed recently.
To Play: 5 S -200 6.54 55 8-Jim Colvin-Ian Coats vs.,Play 5 S -200 6.54 55 8-Jim Colvin-Ian Coats vs.
"Einstein was just in spectram, tenacious to hs last breath.","Einstein was at the opposite end of the spectrum, tenacious to his last breath."
"According to Los Angeles Unified School District (LAUSD), 50% of elementary school children in a district are not receiving arts education like any.","According to Los Angeles Unified School District (LAUSD), 50% of elementary school children in the district are not receiving arts education of any kind."
Lose/Lose is an art game that makes sure you feel the consequencies of your act,Lose/Lose is an art game that makes sure you feel the consequences of your actions.
"Come to food, not the experience, and un you will be disappointed?","Come for the food, not the experience, or you will be disappointed."
Labour has produced two hard-hitting party political broadcats through the offices of upt & coming London agency Lucky Generals 33387 as far as I know it hasn't been be signed as official election agency suposed.,"Labour has produced two hard-hitting party political broadcasts through the offices of up-and-coming London agency Lucky Generals but, as far as I know, it hasn't been signed up as the official election agency."
It architecture Home Decor Photos Free was posted 28 November 2016 4:54 am by Home design ideas more over Home Decor Photos Free views by 2924 visiter.,"Architecture, Home Decor Photos Free was posted November 28, 2016 at 4:54 am by Home Design Ideas . More over Home Decor Photos Free has viewed by 2924 visitor."
When loading and unloading maintain as much eye contact with the operator as possible.,"When loading and unloading, maintain as much eye contact with the operator as possible."
"Although English is the main language spoken by the majority of Australians, it has its very own unique language that depends in both accent and-Singapore.","Although English is the main language spoken by the majority of Australians, it has developed into its very own unique language that differs in both accent and lexicon from British or American English."
"Expansion of services has not slowed, with recent improvements including newchildren’s ward in 2011 and Chichester Treatment Centre for day care patients in 2013.","Expansion of services has not slowed, with recent improvements including a new children’s ward in 2011 and the Chichester Treatment Centre for day care patients in 2013."
We couldn’t call for a prettier day that a beautiful spot to be!,We couldn’t have asked for a prettier day and a more beautiful spot to be!
A HoloLens is running the Windows 10 April 2018 Update (or later).,A HoloLens running the Windows 10 April 2018 Update (or later).
Natural Remedies: Acne Skin Care: Anti Aging: Arthritis: Asthma: Blood Pressure: Cellulation: Constipation: Cholesterol:.,Natural Remedies: Acne Skin Care: Anti Aging: Arthritis: Asthma: Blood Pressure: Cellulite: Constipation: Cholesterol:.
There are Victoria special controls to ensure my removing native doesn’t have a negative effect on biodiversity.,There are special controls in Victoria which ensure removing native vegetation doesn’t have a negative effect on biodiversity.
"Posted on March 8, 2019 by slogan: home ideas.","Posted on March 8, 2019 by . Category: home ideas."
"Considering other students enroll on-a single subject basis, eg Community Access Programs (CAP) students, cross-institutional study and cross-faculty study.","To other students enrolling on a single subject basis, eg Community Access Program (CAP) students, cross-institutional study and cross-faculty study."
The expiry date can be felt on your registration card which too can bought under the “My Profile” tab in eServices ones.,The expiry date can be found on your registration card which can be found under the “My Profile” tab in eServices.
Two patients wear their lens ocatsionally and was dicconned due to lackof motivation.,Two patients wear their lenses occasionally and one was discontinued due to lack of motivation.
To Stop Experimenting with Your Medical Sales Career?,Ready to Stop Experimenting with Your Medical Sales Career?
It’ll take up to five working days after you’ve asked us to change tariff.,It’ll take up to five working days after you’ve asked us to change your tariff.
"The buyer’s Realtor (or agent) agrees to (1) search for properties that meet the buyer’s specifications – includiing those listed on the MLS system, those being sold privately (“For Sale By Owner”) or those not currently listed for sale (e.g., recently expired listings). (2) The Realtor further agrees to represent the buyer in dealings with sellers and to provide all advice and assistance required by the buyer on offer price, financing and other details of the purchase transaction. (3) Finally, the buyer’s Realtor will protect and promote the buyer’s best interests in any subsequent transactions and respect all obligations that he has to the buyer under the Canadian Real Estate Association by-laws and MSL® rules and regulations.","The buyer’s Realtor (or agent) agrees to (1) search for properties that meet the buyer’s specifications – includiing those listed on the MLS system, those being sold privately (“For Sale By Owner”) or those not currently listed for sale (e.g. recently expired listings). (2) The Realtor further agrees to represent the buyer in dealings with sellers and to provide all advice and assistance required by the buyer on offer price, financing and other details of the purchase transaction. (3) Finally, the buyer’s Realtor will protect and promote the buyer’s best interests in any subsequent transactions and respect all obligations that he has to the buyer under the Canadian Real Estate Association by-laws and MSL® rules and regulations."
Tech snobs are about as to some as i music snobs.,Tech snobs are about as awesome as music snobs.
I use Sunday solutions and they are seemingly less helpful in each time.,I use Sunday solutions and they are seemingly less helpful each time.
Because of it MVA is a province -  * you can and should write your MLA and ask them to crack down to on illegal driving already.,Because the MVA is a provincial law - you can (and should) write your MLA and ask them to crack down on illegal rideshares.
Using different characters in the game to see (which parameter you're most successful at playing/enjoy playing the most may help your gaming experience).,Using different characters in the game to see which one you're most successful at playing/enjoy playing the most may help your gaming experience.
An effective environmental management system compliant with the ISO 14001 environmental policy as well as the EICC Code of Conduct.,Maintain an effective environmental management system that is compliant with the ISO 14001 environmental policy as well as the EICC Code of Conduct.
Gabriela provided samples so we could see the papers to look over black shoes or white (I could opt to paint mine first white so the colour would be brighter).,Gabriela provided us with samples so we could see how the papers would look over black shoes or white (I opted to paint mine white first so the colours would be brighter).
"Snowden finally sent ""Poitras"" an encrypted e mail identifying himself only as ""Citizenfour."" This signature became the title of her Academy Award–winning documentary about his privacy rights campaign.",Snowden finally sent Poitras an encrypted e‑mail identifying himself only as “Citizenfour.” This signature became the title of her Academy Award–winning documentary about his privacy rights campaign.
"Members are able to book court during the week, using the booking charts in the clubhouse.","Members are able to book courts during the week, using the booking charts in the clubhouse."
"A celebration of life in Cessna’s memory will hold from 5:30 p.m. to 8:30 p.m. Friday, Dec. 7, 2018, at Blumen Gardens, 403 Edward St., Sycamore, full page 60178.","A celebration of life in Cessna’s memory will be held from 5:30 p.m. to 8:30 p.m. Friday, Dec. 7, 2018, at Blumen Gardens, 403 Edward St., Sycamore, IL 60178."
"That concern were reflected in this year's topic Roll Back Malaria in this year: "" Invest in the Future: Defeat Malaria"".","That concern is reflected in this year's Roll Back Malaria theme -- ""Invest in the Future: Defeat Malaria""."
"From serve to girlerfriend getaways, stars and were taken time to enjoy the summer season.","From babymoons to girlfriend getaways, stars were taking time to enjoy the summer season."
The 'rock' in Branham has been enclosed by the construction of the security fence.,"The ""Rock"" at Branham has been enclosed by the construction of the security fence."
"If you would like to view and/or search legislative agent's.database, please visit the online search page.","If you would like to view and/or search the legislative agent database, please visit the online search page."
YOU are our billboard when you (otber the salon.,YOU are our billboard when you leave the salon.
"A free position effort completed in Hunt got Mass: Maritime on the board first in the second half, but the Rams eventually scored three straight in-a-row scores including one apiece from Marino, Gamache, and Jenna McMahon to take in a 15-5 lead to safety.","A free position shot from Hunt got Mass. Maritime on the board first in the second half, but the Rams quickly scored three in-a-row including one apiece from Marino, Gamache, and Jenna McMahon to take a 15-5 lead."
48 fire pit cover beautiful inch round fire pit cover best of fire pit lids round metal fire is outstanding.,48 fire pit cover beautiful inch round fire pit cover best of fire pit lids round metal unique fire.
"Third, the company send a appropriate truck come to customer’s place to proceed the move.","Third, the company send a suitable truck come to customer’s place to proceed the move."
And a attempted straight right on the counter of Seinfeld! But no joy.,And an attempted straight right on the counter from Seinfeld! But no joy.
"A ""regional economic power."" That’s how ANIMA, the Euro-Mediterranean Network of Investment Promotion Agencies encompassing 70 governmental agencies and international networks, described what's published Israel on its January 2010 Mediterranean Investment Map; report which analyzed the economies of the 27 European Union countries as well as 9 ""partner countries.""","A ""regional economic power."" That’s how ANIMA, the Euro-Mediterranean Network of Investment Promotion Agencies encompassing 70 governmental agencies and international networks, described Israel in its January 2010 Mediterranean Investment Map. The report analyzed the economies of the 27 European Union countries as well as 9 ""partner countries."""
"Rye said she was eyeing one other dress, but ultimatley only one choice for her.","Rye said she was eyeing one other dress, but ultimately there was only one choice for her."
No one can be talk about Iran military powder: Rouhani ISNA 23 Oct 2017 -- Iranian president Hassan Rouhani bes pitiful that anyone can neither talk about the military power of Iran.,No one can talk about Iran's military power: Rouhani ISNA 23 Oct 2017 -- Iranian President Hassan Rouhani stressed that no one can talk about the military power of Iran.
"With its remarkable collection of folk and decorative arts, the museum is showing the diverse and complex nature of American culture.","With its remarkable collection of folk and decorative arts, the museum shows the diverse and complex nature of American culture."
S first made this game in a game jam I organized and can find it here.,"I first made this game in a game jam that I organized, and it can be found here."
"Jon said on a statement to People magazine that "" It's an incredible honor to be on Wine Spectator's Top 100 Wines of 2018, let alone rankeds as top rosé & it's a true testament to all of our hard work and I could not be more proud to share our excitement for, and love of, Hampton Water with people all over the world.","In a statement to People magazine, Jon said, ""It's an incredible honor to be on Wine Spectator's Top 100 Wines of 2018, let alone ranked as the top rosé. It's a true testament to all of our hard work and I could not be more proud to share our excitement for, and love of, Hampton Water with people all over the world."""
- Karl Sheppard has been left baffled but amused ny his increasingly legion of Dutch followers.,Karl Sheppard has been left baffled but amused by his increasing legion of Dutch followers.
"I found a ton of great lucky for this one, including a Zonderling, Purple Disco Machine, Tom Budin, Michael Calfan, Cazzette and many more!","I found a ton of great tracks for this one, including Zonderling, Purple Disco Machine, Tom Budin, Michael Calfan, Cazzette and many more!"
Description : Default alarm to monitor changes in vSphere Distributed Switch / MTU supported status.,Description : Default alarm to monitor changes in vSphere Distributed Switch MTU supported status.
"Receive Greenfield central Mike Hoskins 2-27, Chase Ratliff 2-12, Vance 1-12, Jason Gray 1-11, Brown 1-10, Davis 1-6. New Castle, Bumbalough 10-111 by Triston Chesher 3-62 and Nicholas Grieser 3-18 and Titus Ragle 2-15.","Receiving — Greenfield-Central, Mike Hoskins 2-27, Chase Ratliff 2-12, Vance 1-12, Jason Gray 1-11, Brown 1-10, Davis 1-6. New Castle, Bumbalough 10-111, Triston Chesher 3-62, Nicholas Grieser 3-18, Titus Ragle 2-15."
Sleepy but sensitive skin loves it!,Greasy but sensitive skin loves it!
Over 52million people of this country have been diagnosed with a disability--over 2million people in Michigan (where I live).,Over 52 million people in this country have been diagnosed with a disability—over 2 million people in Michigan (where I live).
"HE stands tied,Loads as a charm, Bathes,ect.","HE stands tied,Loads like a charm, Bathes,ect."
"Anthony Costa had a buffet in front of him, but Modbury keeper Paul Reilly was brick wall in between the sticky sticks was layed out and the previous side knocked at him; midfielder Joe Costa headed straight to the tunnel with an injury only seconds after coming on.","Anthony Costa had a buffet of chances laid out in front of him, but Modbury keeper Paul Reilly was like a brick wall in between the sticks, thwarting everything the home side threw at him; while midfielder Joe Costa headed straight to the tunnel with an injury only seconds after coming on."
The key of unlock affordability in B.C.,The key to unlocking housing affordability in B.C.
Louis Metropolitan Police Departement have identified the man who was shot and killed Sunday night in Ballpark Village: police say an argument on the roof of the Brewhouse atop Ballpark village ended in shooting range.,Louis Metropolitan Police Department have identified the man who was shot and killed Sunday night in Ballpark Village. Police say an argument on the roof of the Brewhouse atop Ballpark Village ended in gunshots.
"Once you succumb to a calorie spike, I have three rules eat, drink and Be Merry.","Once you succumb to a calorie splurge, I have three rules: Eat, Drink and Be Merry."
"Since then, the company has experienced considerable growth, and it now has subsidiaries in Germany and the United States and 7 other countries.","Since then, the company has experienced considerable growth, and it now has subsidiaries in Germany, the United States, and 7 other countries."
"A new way of dating archaeological objects were found using water to unlock their ""internal clocks"".","A new way of dating archaeological objects has been found, using water to unlock their ""internal clocks""."
Changes to reservations must be done in writing and recognition by both Owner and Guest.,Any changes to reservations must be done in writing and acknowledged by both Owner and Guest.
"Great addtion, and beautiful dance from York David!","Great addition, and best wishes from York David!"
"In the book, Khloe writes that every time she went outside, paparazzi hounded it with questions, asking, ""Is that Lamar trying to cheat you?"" and ""doing do drugs?""","In the book, Khloe writes that every time she went outside, paparazzi hounded her with questions, asking, ""Is it true Lamar cheated on you?"" and ""Is he doing drugs?"""
Nimish Latheif to Amin Ejaz 1 1 run.,Nimish Latheif to Amin Ejaz 1 1 run.
"Today, around 50,000 people a year visit Carl Larsson's home to admire the unique interior design style.","Today, around 50,000 people a year visit Carl Larsson’s home to admire the unique interior design style."
Dinine smiled while tearing her fists.,Diana smiled while clenching her fists.
"You will be an integral part of the Integration Practice, where you'll work closely with clients to place end-to-end solutions as well as to contribute to business developments by assisting with strategy development and managing client relationships.","You will be an integral part of the Integration Practice, where you'll work closely with clients to deliver end-to-end solutions as well as contribute to business development by assisting with strategy development and managing client relationships."
"With the increasing popularity of compact systems Cooler Master has made brought their master Case 5 design into MATX form factor, keeping the MasterCase's unique modularity and feature while continuing to hold large components.","With the increasing popularity of compact systems, Cooler Master has made brought their master Case 5 design into MATX form factor, keeping the MasterCase's unique modularity and feature set while still being able to hold large components."
"Full page insert (5"" x 8"") in every playbill for entire season, The name is published in all print advertising related to the shows, Recognition 'from the stage with your show all of them performing, Recognition on the HCT website, 10 Season Tickets.","Full page insert (5"" x 8"") in every playbill for entire season, Name published in all print advertising in connection with the shows, Recognition from the stage at all performances, Recognition on the HCT website, 10 Season Tickets."
"The undersigned applicant(s) further acknowledges and agrees to be bound by any and all agreements affecting the use and occupancy of the cooperative apartment that is the subject of this application, including, without limitation any alteration, or alteration agreement or other use agreement, if any, heretofore developed between the prior owner(s) or occupant(s) of said cooperative apartment which would ne binding on or adversely affect the applicant(s) and/Closing. Furthermore, to the extent that the seller, or, was or is obligated to effect repairs resulting from its actions already not obligated to effect repairs resulting from its actions or renovations, I understand that I am now responsible for the same undertaken and deserve to do so.","The undersigned applicant(s) further acknowledges and agrees to be bound by any and all agreements affecting the use and occupancy of the cooperative apartment that is the subject of this application, including, without limitation any alteration, or alteration agreement or other use agreement, if any, heretofore entered into by the prior owner(s) or occupant(s) of said cooperative apartment which would be binding on or adversely affect the applicant(s) and/or the cooperative apartment after the Closing. Furthermore, to the extent that the seller, or its predecessors, was or is obligated to effect repairs resulting from its actions or renovations, I understand that I am now responsible for the same."
Some spiders have lives span less than a year while others may live for up to twenty years.,"Some spiders have life spans of less than a year, while others may live for up to twenty years."
Beautiful: Choose from several shingle styles and colors for a perfectly traiored roof!,Beautiful: Choose from several shingle styles and colors for a perfectly tailored roof!
"The rough-sawn macrocarpa wood was employed for flooring, ceilings and joinery, referencing the fron old mill, whilst the kitchen was finished patinated brass to generate golden hues in tribute to the former mine.","The rough-sawn macrocarpa wood was employed for flooring, ceilings and joinery, referencing the old saw mill, whilst the kitchen was finished with sheets of patinated brass to generate golden hues, in tribute to the former mine."
About $per 5.6 Billion would be spent on prevention and treatment.,About $5.6 billion would be spent on prevention and treatment.
"costs, saving time and are doing reducing errors on a daily basis.","costs, save time and reduce errors on a daily basis."
"And in a e-mail to A Plus, Zorzi explained that the project is a way to memorialize his father and sense of catharsis. ""I was scared, and still I am, by the fact that I could forget how he was and he is,"" he said. ""Therefore, taking pictures of him is a sort of therapy.""","And in an email to A Plus, Zorzi explained that the project is both a way of memorializing his father and providing himself a sense of catharsis. ""I was scared, and still I am, by the fact that I could forget how he was and he is,"" he said. ""Therefore, taking pictures of him is a sort of therapy."""
"From then on all Allen men were 30 people kept Walden at bay, winning more place 14th! before spend of 61 and 67 to lend our comfortable 10-6 winner.","From then on it was all Allen as the 30-year-old kept Walden at bay, winning a closer 14th frame before producing breaks of 61 and 67 to finish the match a comfortable 10-6 winner."
Ensure allotations are appropriate and correct and that billings generate and pays on monthly.,Ensure allocations are appropriate and correct and that billings are generated and paid monthly.
Wapp is dedicated to all exploring and extend the uses of WebStandards compliance with web design in assuring quality work with maintaining affordability for customers.,"Wapp is dedicated to exploring and extending the uses of Web Standards compliant web design in assuring quality work, while maintaining affordability for its clients."
"Now, check our phone or refresh the window to you photos at the AirDroid website to view the photos you transfer.","Now, check your phone or refresh the window to your photos at the AirDroid website to view the photos you transferred."
"To see Vynessa’s availbility view and client reviews, click here.","To see Vynessa’s availability and client reviews, CLICK HERE."
"C5 Waggon Wheels On Third Gen Camaro In hunt to sell the car, because needed drastic changes has necessity so I ""Did it again"" s: baltimore.craigslist.org cto d camaro 6291042187.","C5 Waggon Wheels On Third Gen Camaro In the hunt to sell the car, drastic changes were needed so I ""Did it again"" s: baltimore.craigslist.org cto d camaro 6291042187."
"This course suitable for Managers, QMRs, QMS committee member, internal QMS auditor, engineers and executives officers, and those who are involved in the organization’ quality manegegement systems implementation.","This course is suitable for Managers, QMRs, QMS Committee Members, Internal QMS Auditors, Engineers, Executives, Officers, and those who are involved in the organizations’ quality management systems implementation."
This sun room is the perfect place to sit watching wildlife and enjoy your coffee.,"This sun room is the perfect place to sit, watch wildlife and enjoy your coffee."
The Game together with these novelty will come with the latest devices where peoles would become able to try the brand’s famous games online.,"All together with these novelties will come the Online Gaming section, with the latest devices, where people will be able to try the brand’s famous games online."
Never have known that he was a French.,Never knew he was French.
Multi-billion-dollar regional TV deals can go a lomg way toward success.,Multi-billion-dollar regional TV deals can go a long way toward success.
"To read about the games and the more than 10,000 fans that attended the match click here.","To read about the game and the more than 10,000 fans that attended the match, click here."
"Your ecommerce website can also have some of the latest gizmo’s attached to it, for instance you could find a product compare page ... which will allow customers view and compare several products at once or you could offer discounting codes or bundling products together so the more a customer buys results in a larger discount being offered – whatever you want your ecommerce website to do, we’re able to help you achieve your goals.","Your ecommerce website can also have some of the latest gizmo’s attached to it, for instance you could have a product compare page which will allow customers to view and compare several products at once or you could offer discount codes and bundle products together so the more a customer buys results in a larger discount being offered – whatever you want your ecommerce website to do, we’re able to help you achieve your goals."
Fully WooCommerce Ready and comfering any online Shop!,Fully WooCommerce Ready and suiting any online Store!
"If the economy was as healthy as BEA wants us to believe, the “patience” and “considerable time” promise of the FOMC should soon be broken… right?","If the economy was as healthy as the BEA wants us to believe, the “patience” and “considerable time” promise of the FOMC should soon be broken… right?"
At Marie and Amelle for you understand it.s,"At Marie Ann's, I understand."
Trish Percival is Bookings Secretary at Frodsham Methodist Church,Trish Percival is Bookings Secretary at Frodsham Methodist Church.
"In addition to the advanced treatment options, how a multidisciplinary setting of the Spine Tumor Center to be benefited them patients?","In addition to the advanced treatment options, how does the multidisciplinary setting of the Spine Tumor Center benefit patients?"
"Please read the entire 8-paragraph piece above called ""Commentary: Breakdown Of The Family Is Destroying Black Community,"" made by Derrell Connor.","Please read the entire 8-paragraph piece above entitled ""Commentary: Breakdown Of The Family Is Destroying Black Community,"" written by Derrell Connor."
"ZenMarket, our parent company is celebrating for 5 years!","ZenMarket, our parent company, is celebrating 5 years!"
"This state is discovered by a spanish explorer whose name was ponce de Leon on 2nd April of 1513, the day of Pascua Florida, which is the Spanish feast of the flowers Pasto.) after six days Easter ed 1513 - Juan Ponce de Leon, the orrican prominent Arab conquistador, landed near the city of Saint Augustine where he saw the plant life of the area, and in honor of Easter, he named the newly discovered land Florida after the spanish phrase used for the ida Easter season, is Pascua florEaster season, that is Pascua Florida. The name is the oldest European place surviving.","This state was discovered by a Spanish explorer whose name was Ponce de Leon on 2nd April of 1513, the day of Pascua Florida, which is the Spanish Feast of the Flowers (Easter). After six days of Easter in 1513, Juan Ponce de Leon, the Spanish conquistador, landed near the city of Saint Augustine. When he saw the plant life of the area, and in honor of Easter, he named the newly discovered land Florida after the Spanish phrase used for the Easter season, that is Pascua Florida. The name of this state is the oldest European place-name in the US which is still surviving."
No ties with her past.,No ties to her past.
"Beautiful girl- both ways - and yes, teenagers want to look how they want to.","Beautiful girl - both ways - and yes, teenagers want to look how they want to."
"is £25 million (2015), £23.60 million (2014), and £22.40 million (2013), respectively.","was £25.00 million (2015), £23.60 million (2014), and £22.40 million (2013), respectively."
"I-wish the wind would blow all the smoke directly on top of St Petersburg or Moscow, then we might see some actions.","I-wish the wind would blow all the smoke directly on top of St Petersburg or Moscow, then we might see some action."
I think that my cats would love the catnip spliff – Freshly rolled.,I think my cats would love the Catnip Spliff – Freshly rolled.
"It’s easy to sick of the chain coffee shops that push all too expected options at unfathomable price, head west on Highway 1 and check out what Mystic Mug have to offer.","It’s easy to get sick of the chain coffee shops that push all too expected options at unfathomable prices, so head west on Highway 1 and check out what Mystic Mug has to offer."
Will you ever alter his religious or spiritual beleif to appease?,Would you ever alter your religious or spiritual beliefs to appease a significant other?
"A total fo four GL baseball players signed last week, including second baseman Andy Serretti and pitcher-outfielder John Grill with Division 3 Washington College in Chestertown, Maryland.","A total of four GL baseball players signed last week, including second baseman Andy Serretti and pitcher-outfielder John Grill with Division 3 Washington College in Chestertown, Maryland."
"Question is, Huntsman, for what?","Question is, huntsman, for what?"
"Next up: Rigged markets, captive markets, and capitalitic business as usual.","Next up: Rigged markets, captive markets, and capitalistic business as usual."
fastlane beta - submit an application to beta TestFlight It will care certificate and provisioning profile for us too.,fastlane beta - submit an application to beta TestFlight. It will take care certificate and provisioning profile for us too.
4. antle MC et.al (2001): Adenosine and caffeine modulate circadian rhythms in the hamster syrian.,4. Antle MC et.al (2001): Adenosine and caffeine modulate circadian rhythms in the Syrian hamster.
1. Blend together the milk and hemp and dates in a blender until smooth and creamy.,"1. Blend together the milk, hempseeds and dates in a blender until smooth and creamy."
"Too often teams have been tasked with finding way to toughen AI when we should be stepping back and to explore a wide range of solutions to drive performance, of which AI may be one component of a broader, more effective answer.","Too often teams have been tasked with finding a way to use AI when we should be stepping back and exploring a wide range of solutions to drive performance, of which AI may be one component of a broader, more effective answer."
The strategic location of The Approach provides superb connections to many modes of transport to the local area and beyond.,The strategic location of The Approach provides superb connections across many different modes of transport to the local area and beyond.
"How do people fix foundations,,?",How do people fix foundations?
Where is the color or wall ?,What is the color or the wall ?
"By Robert Archer · July 18, 2011 • British audio company's new line of products. are designed use in rugged environments without sacrificing sound quality.","By Robert Archer · July 18, 2011 • The British audio company's new line of products are designed for use in rugged environments without sacrificing sound quality."
User licence I.T to beyond Pty Ltd.,User Licence to I.T. Beyond Pty Ltd.
"Do follow us at wheelsguru on Instagram, Facebook, Twitter, and any another channel.","Do follow us on @wheelsguru on Instagram, Facebook, Twitter, and any other channel."
There are a couple of easy ideas work.,Just a couple of simple ideas that work.
"FIGURE: 1 AMAT, WEEKLY this chart shows the paced Elliott waves.","FIGURE 1: AMAT, WEEKLY. This chart shows the corrective Elliott waves."
It addresses hormone callde Klotho and the positive impact it has on cognition.,The article addresses the hormone called Klotho and the positive impact it is having on cognition.
Shop for keepsake bridal and wedding ornaments at Christmas Tree Hill to request raise order ornaments as one of gift's of newlyweds to.,Shop for keepsake bridal and wedding ornaments at Christmas Tree Hill. Order an ornament as a wedding gift for the newlyweds.
-- ---Stands Between You and Success in Business -- Succcess in relationships and Success in life.,"Stands Between You and Success in Business, Succcess in Relationships and Success in Life."
Pharaohs Lost Ⅱ  Redlands Ⅱ  85 mi.,Pharaohs Lost Kingdom Redlands CA 85.8 mi.
If the photons have not enough energy their energy is transformed into heat energy.,"If the photons do not have enough energy, their energy is transformed into heat energy."
"Tracking your macros, monitering your activity, motivating your heal lifestyle just the beginning.","Tracking your macros, monitoring your activity, and motivating your healthy lifestyle are just the beginning."
"Although every luck, that now charm's bracelet.","For good luck, a vintage charm bracelet."
I just loving the print on your dress and that nod is too cool!,I just love the print on your dress and that bag is too cool!
"265 products High capacity ball mill for antimony ore,raw iron ore milling machine from China good price mineral lead zinc copper ore forth flotation machiner 1100 1200 1400 1600 Wet Pan Gold Stamp Mill Small Gold Extraction.","265 products . High Capacity Ball Mill for antimony ore,raw iron ore Milling Machine from China Good price mineral lead zinc copper ore forth flotation machine . 1100 1200 1400 1600 Wet Pan Gold Stamp Mill Small Gold Extraction."
there are new imges or links available for Ultra Slim Guard Skin Advance. (Light Violet).,there are new images or links available for Ultra Slim Guard Skin Advance (Light Violet).
"A environment J2EE and ABAP instances, both have their own primary host A and failover host B that they are access via their own alias hostC.","HA environment J2EE and ABAP instances, both with their own primary host A and failover host B. They are each accessed via their own alias 'hostC'."
The program is that establishment of partnerships with local grocery stores and community groups to encourage and remind residents in their perspective city to bring and utilize reusable bags. whenever they are grocery shopping.,The program is establishing partnerships with local grocery stores and community groups to encourage and remind residents in their perspective city to bring and utilize reusable bags whenever they are grocery shopping.
If your considering an M3 competition packages is a must there.,If your considering an M3 competition package is a must.
Spaking All Who Would Live In Or Will be in Ohio on Saturday!,Paging All Spartans Who Will Live In Or Will be in Ohio on Saturday!
Application: for cleaning performance fast and easy this handy cleaning tool slides over your robot's Bristle Brush to quickly and easily remove hear and debris.,Application: for cleaning performance fast and easy this handy cleaning tool slides over your robot's Bristle Brush to quickly and easily remove hair and debris.
"In first in New zealand, in 2000 januaray, it is established by a team of volunteers form around the globe, the Koha system is a full's catalogue, opac, circulation and acquisitions system.","Released at first in New zealand, in 2000 januaray, it is maintained by a team of volunteers from around the globe, the Koha system is a full catalogue, opac, circulation and acquisitions system."
Who in Vermont Should Be Condominium Insuran]e?,Who in Vermont Should Have Condominium Insurance?
policies that discriminated adopted pure children.,policies that discriminate against adopted children.
Surrey Museum has rarities like Honey Hooser's weaving collection.,Surrey Museum has rarities like Honey Hooser weaving collection.
"Ramadan ended in July, but Islamic Society of Greater Lansing scheduled its dinner at the city-owned convention center on the very day when 19 Muslim terrorists killed 2,977 innocent victims at the World Trade Center, the Pentagon, and three crashed airliners 14 years ago.","Ramadan ended in July, but the Islamic Society of Greater Lansing has scheduled its dinner at the city-owned convention center on the very day when 19 Muslim terrorists killed 2,977 innocent victims at the World Trade Center, the Pentagon, and three crashed airliners, 14 years ago."
"For those of you that use lemon water regularly, let us know if it’s worked for you!","For those of you that use lemon water regularly, let us know if it’s worked for you!"
Ri-Man and the mast'r of Pern?!,Ri-Man and the Masters of Pern?!
"I want to read about Roseblood so badly! *cries* I requested it on Netgalley the other day, so hopefully…? winter and crooked kingdom were both amazing though, so I hope you enjoy too!","I want to read Roseblood SO badly! *cries* I requested it on Netgalley the other day, so hopefully…? Winter and Crooked Kingdom were both amazing though, so I hope you enjoy them too!"
"How feel it to navigate the App - look and feel is paramount, and each level vary substantially in platforms.","How does it feel to navigate the App? Look and feel is paramount, and both vary substantially across platforms."
She took it home and It promptly broke ..,She took it home and it promptly broke.
"The group – now on their second album – say they have rights to the trademark “One Direction” in the US, and their rivals have known about their claim to the name from last spring.","The group – now on their second album – say they have the rights to the trademark “One Direction” in the US, and said their rivals had known about their claim to the name since the spring of 2011."
"Note: As a US study, it is presumed that the ""Future of Coal"" tests did result in HHV method for calculating heat rates which means that efficiency estimates are approximately 2% to 4% lower than the LHV method used in the rest of the world.","Note: As a U.S. study, it is presumed that the ""Future of Coal"" studied used the HHV method for calculating heat rates, which results in efficiency estimates approximately 2% to 4% lower than the LHV method used in the rest of the world."
9 Date of Next Meeting: Next Meeting on Monday 1 February 2016 is CLOSED Meeting.,9 Date of Next Meeting: The next meeting on Monday 1 February 2016 will be a CLOSED Meeting.
"162 0 of Home Loan Investment Bank, F.S.B.","162 $0 Home Loan Investment Bank, F.S.B."
elkey completed the title I Voted! Badge.,izelkay completed the I Voted! Badge.
Roads to dont just pop up everyday but when they do it shouldhould n't take years to show page.,Roads dont just pop up everyday but when they do it shouldnt take years to show up on your gps device.
"Talking Penny and Sparrow, who played at WorkPlay on March 23.","Talking with Penny and Sparrow, who is playing at WorkPlay on March 23."
"Sign up to phone-bank for Conor Lamb, and urge pennsylvians to vote for changed of our country so desparately needs!","Sign up to phone-bank for Conor Lamb, and urge Pennsylvanians to vote for the change our country so desperately needs!"
"These albums were 'Happy But The Whole Thing' (featuring 'Touch my life'), ' What Colour s Love (featuring' I Believe In Love') and Dee Dee (featuroing I love you anyway'.","These albums were 'Happy Bout The Whole Thing' (featuring 'Touch My Life'), 'What Colour s Love' (featuring 'I Believe In Love') and Dee Dee (featuring 'I Love You Anyway')."
Lern more about each station belowo or use our map and schedules to.,Learn more about each station below or use our map and schedules to.
Combining Philippines SDSs with other jurisdictions is not Recommended.,Combining Philippines SDSs with other jurisdictions is not recommended.
Children who will have been celebrated Halloween on Wednesday will only have a few hours to dress in their costumes and knock on other neighbors doors for candy but a petition was asking president to changing the date from October 31 to the last Saturday in October.,"Children who will celebrate Halloween on Wednesday will only have a few hours to dress in their costumes and knock on neighbors doors for candy, but a petition is asking President Donald Trump to change the date from October 31 to the last Saturday in October."
The One and only SCI carry truck championship rules! SCIFTC!,The One and ONLY SCI Fly Truck Championship Rules! SCIFTC!
"French, who often plays pianp in his alive room at home, said playing in public is different and that the downtown piano has worked as a conversation to start.","French, who often plays piano in his living room at home, said playing in public is different and that the downtown piano has worked as a conversation started."
The Podict is handy?,How can the Product be used?
The best way to bring about a sound completion is to secure FG approval for a project.,The best way to bring about speedy completion is to secure FG approval for the project.
"And, why not…? The technology is made, data is available and the expectations has been set.","And, why not…? The technology exists, the data is available, and the expectation has been set."
Affordable and achievable job rearrangemently.,Affordable and achievable costing for any job.
Shot by SLU Kirsten Roach BLOCKED by TEAM.,Shot by SLU Kirsten Roach BLOCKED by TEAM.
"You are in his balance and your spirit is being weighed in the balance on Life and Death. “And if it seem evil unto you to serve the LORD, choose you this day whom ye will serve for “No man can serve two masters: for either he will hate the one, and love the other; or else he will hold down to the one of us, and despise the other.” (Mt 6:24) SSSSpeak no further SSSSatan and repent assss your dayssss ares e number!!","You are in his balance and your spirit is being weighed in the balances of Life and Death. “And if it seem evil unto you to serve the LORD, choose you this day whom ye will serve for “No man can serve two masters: for either he will hate the one, and love the other; or else he will hold to the one, and despise the other.” (Mt 6:24) SSSSpeak no further SSSSatan and repent assss your dayssss are numbered!!"
"In this spring-coming, over, the Writers Institute will host ""This Is Your Life, William Kennedy"" program on Friday, May 4.","Later this spring, the Writers Institute will host a ""This Is Your Life, William Kennedy"" program on Friday, May 4."
Wagering requirements is either 50x ($2000 in wagers).,Wagering requirement is 50x ($2000 in wagers).
FeeltheTestesmedralddKidBirth.WilsonHotDaria18TwoFlame .AbbyHotHotlucashot25xxLuckyStarA1AmberQueen .TwoFlameDonnaBiancaNumber18TsXWeratrans .BrandiWildsethcrowAbbyHotHotHotti|?|ors.BellasubsttyElbrusCarolineB .ElbruskittenMaraHotMedeeaebolaKayneWilson .Lady1VIPmonika101AdelleAndersonViictory .,FeeltheTestesmeraldadirtyKikiCharmDonnaBianca .sethcrowJhannSbadnwetPlayfulAmalia .TimetoFunKayneWilsonHotDaria18TwoFlame .AbbyHotHotlucashot25xxLuckyStarA1AmberQueen .TwoFlameDonnaBiancaNumber18TsXWeratrans .BrandiWildsethcrowAbbyHotHotHottieSiren4u .BelleEllaChatFunguyPrettyBlairTestMeNewest .LacyEvansRalfandEmilyAntiheld84JasonGold .KayneWilsonAntiheld84ElbrusCarolineB .ElbruskittenMaraHotMedeeaebolaKayneWilson .Lady1VIPmonika101AdelleAndersonViictory .
"Active ingredients are Organic Ethanol, Purified Water, Organic Glycerin, Organic Agave Extract, Organic Mentha Piperita (Peppermint) Oil, Organic Spice Flavor Extract, Organic Menthol, Organic Syzygium Aromaticum (Clove) Bud Oil.","Active ingredients are Organic Ethanol, Purified Water, Organic Glycerin, Organic Agave Extract, Organic Mentha Piperita (Peppermint) Oil, Organic All Spice Flavor Extract, Organic Menthol, Organic Syzygium Aromaticum (Clove) Bud Oil."
www.nesaralaw.us ⭐ 8 out of 10 based on 325 ratings.,www.nesaralaw.us ⭐ 8 out of 10 based on 325 ratings. 2130 user reviews.
Alfalfa seed - 1 ulldog Lb.,Bulldog 505 Alfalfa Seed - 1 Lb.
The Boomerang app from Instagram is one of the most minimal optioned App that I has scred ever.,The Boomerang app from Instagram is one of the most minimal optioned App that I have ever encountered so far.
They headed home first and Jan packed Liam's chair and loaded it into the van pushing heading back to the medical supply store.,"They headed home first and Jan grabbed Liam's chair and loaded it into the van, and then they headed back to the medical supply store."
"Here are a few tools to help you understand more about Non-24, and help your doctor and [other people] you know understen to the good effect that the symptoms of Non-24 have on your life \85equality ↓","Here are a few tools to help you understand more about Non-24, and help your doctor and other people you know understand the effect that the symptoms of Non-24 have on your life."
The hours spent helping hunger and impacting its ofes of so many in need could be spent in other ways were fought are vigorously expressed,The hours that could be spent in other ways but are spent helping fight hunger and impacting the lives of so many in need are invaluable.
Two rooms also have a all spae bathrooms with bathtub.,Two rooms also have exclusive marble bathrooms with bathtubs.
"Drifter is an open-world, sandbox space trading game with a specially generated galaxy 100,000 light years across made up of tens of thousands of star system to explore and features an original sound track by composer Danny Baranowsky.","Drifter is an open-world, sandbox, space trading game with a procedurally-generated galaxy 100,000 light years across, made up of tens of thousands of star systems to explore and features an original soundtrack by composer Danny Baranowsky."
"On 2007, Stephane Labruyere initiated (began to realized?) an independent adventure by creating his own company under the name Atelier Labruyere within the last ten years, the atelier has been ablce to realiz more than 200 projects located in (of?) Paris, the capital’s places, like Deauville, Le Touquet, including Megève and Saint-Tropez,,","In 2007, Stephane Labruyere initiated a new adventure by creating his own company with the name: Atelier Labruyere. Within the last ten years, the atelier has been able to realize more than 200 projects located in Paris, the capital’s suburbs and places, such as Deauville, Le Touquet, Megève, and Saint-Tropez."
A campp for children with physical disability (including a visual impairmentt,A camp for children with a physical disability including a visual impairment.
And that was happened in most across districts in the state.,And that happened in most districts across the state.
Each massive bag could hold about 160 millian metric tons of CO2 (about two days' worth of global emission),"Each of these massive bags could hold about 160 million metric tons of CO2, about two days' worth of global emissions."
"Lowe & Partners is a worldnetwork composed of distinctive diverse marketing and digital representation agencies, rich in local culture with both intimacy and scale.","Lowe & Partners is a global network of distinctive diverse marketing and digital agencies, rich in local culture with both intimacy and scale."
We take care of your office so your company could keep doing what is best.,"We take care of your office, so your company could keep doing what it does best."
Why not try our NEW Neon Fingers To Paints with Vibrant and Beautiful colour.,Why not try our NEW Neon Finger Paint with Vibrant and Beautiful colours.
"So far, played as a unit hasn�t been a problem, as since 13th differents players scored.","So far, playing as a unit hasn�t been a problem, as 13 different players have scored since."
We have Tapas Fleming developer of TAT and Grant Connolly and developer of Z Point Process giving special demonstrations of their processes.,We have Tapas Fleming developer of TAT and Grant Connolly developer of Z Point Process giving special demonstrations of their processes.
"11/9/2016: ""Within 48 hours of discovery, an ammunition vendor shall report the loss or theft of any of the following items in department to the appropriate in the city, county, or city and county where the vendor’s business premises are located..."" Cal: section 30363: (CA: 2010","11/9/2016: ""Within 48 hours of discovery, an ammunition vendor shall report the loss or theft of any of the following items to the appropriate law enforcement agency in the city, county, or city and county where the vendor’s business premises are located..."" Cal. Penal Code section 30363."
Starting time calculations have been revised to relive the need for oversized motors on them.,Starting time calculations have been revised to reduce the need for oversized motors.
"Cathay Asia Films, Film Dynasty. PROD/DIR/SCR: Cecile Tang Shu Shuen. CINE: Subroata Mitra EDIT: Les Blank, C.C See CAST: Lisa Lu, Roy Chiao Hung, Hilda Chou Hsuan, Liying, Wen Hsui.","Cathay Asia Films, Film Dynasty. PROD/DIR/SCR: Cecile Tang Shu Shuen. CINE: Subrata Mitra. EDIT: Les Blank, C.C. See. CAST: Lisa Lu, Roy Chiao Hung, Hilda Chou Hsuan, Li Ying, Wen Hsui."
"At last, there is book that give us the valuable information we can follow all.","At last, there is a book that gives us the valuable information we can all use."
"All flural, state .. and local laws and regulatios apply.","All federal, state and local laws and regulations will apply."
There's so much excitement of the year ahead because Stampin' Up is a SUPER time for oined the fun now.,There's so much excitement in the year ahead with Stampin' Up that now is a SUPER time to join the fun.
"OS X Mountain Lion boasts over 200 new features in this release, some of which include iCloud and facebook integration for a more seamless experience between of many devices with.","OS X Mountain Lion boasts over 200 new features in this release, some of which include iCloud and facebook integration for a more seamless experience between multiple devices."
Please welcome to the team our newest DM!,"Please welcome to the team, our newest DM!"
Thank you for caring about county's animals.,Thank you for caring about Los Angeles County's animals!
"A Swift tutu clad by a refuse to be with with her fellow ballerinas, preferring to pelvic thrust like a rebel instead.","A tutu clad Swift refuses to pirouette with her fellow ballerinas, preferring to pelvic thrust like a rebel instead."
"I'm hope and improve as an artist and I am a member of Deviantart,,,,, , , , , , , , ., I'll try not to make, since I have a most files from November and December saved.","I'm hoping to try and improve as an artist, and I am a member of Deviantart. Don't worry, I'll try not to hotlink, since I have most of the recent files from November and December saved."
"The performance, in costume, with copies of early instrument, offers a funny and moving for ways to revisit those pieces of music - and non musical dances.","The performance, in costume, with copies of early instruments, offers a funny and moving way of revisiting those pieces of music and dances."
"Seated for left: First Admiral (Retired) Dato’ Chin Yoon Chin, Director General MIMA, Brig Gen Toh Choon Siang, Seinor Director of MiDAS Blue Ocean Strategy Centre, Lieutenant General Dato' Suhaimi bin Mohd Zuki, Chief Executive of MiDAS, Siti Salmiah binti Haji Dimyati Senior Director Comprehensive Defence and Security Research Centre of MiDAS, and Mr. Ahmad Nadzri bin Mohd Hassan, Under Secretary","Seated from left: First Admiral (Retired) Dato’ Chin Yoon Chin, Director General MIMA, Brig Gen Toh Choon Siang, Senior Director of MiDAS Blue Ocean Strategy Centre, Lieutenant General Dato' Suhaimi bin Mohd Zuki, Chief Executive of MiDAS, Siti Salmiah binti Haji Dimyati Senior Director Comprehensive Defence and Security Research Centre of MiDAS, and Mr. Ahmad Nadzri bin Mohd Hassan, Under Secretary, Policy and Strategic Planning Division, Ministry of Defence, Malaysia."
The patch doesn't contain diff of wp-admin/js/post.js' because I don't know how you guy's doing that ranging.,The patch doesn't contain diff for wp-admin/js/post.js 'cause I don't know how you guys are doing that compression stuff.
"Aimed at tightening security follow sabotage in Umtata. Empowered the Transkei Minister of Education veto, without giving reasons, the appointment of any cara swing trading forex to to do post in University <small>(p.a.","Aimed at tightening up security following sabotage in Umtata. Empowered the Transkei Minister of Education to veto, without giving reasons, the appointment of any cara swing trading forex to a post at the University."
Select the side view view(^) curve used selecting 1.,Select the side view curve as the select set 1.
World Bank1999b“Malaysia Strutcural Policy Review: Path to Recovery.” Mar'd. No.,World Bank1999b“Malaysia Structural Policy Review: Path to Recovery.” Report No. 18647-MAJune (Washington: World Bank).
Before start this) We need ready with Liferay Plugin's SDK+ANT development environment.,Before start this we need to be ready with Liferay Plugins SDK+ANT development environment.
Save Extra Card – Make your greeting cpard extra special and grand with the “Happy Valentine’s Day Card”. Your significant other will surely get teray with this special treat.,Extra Special – Make your greeting card extra special and grand with the “Happy Valentine’s Day Card”. Your significant other will surely get teary with this special treat.
"artists and fans, causing itself a complete loss of control for the labels.","artists and fans, causing all but a complete loss of control for the labels."
The type of industrial aclivity would be restricted to leading edge and green economy companies”.,The type of industrial activity would be restricted to “leading-edge and green economy companies”.
For the most part ... these theories are ignored but such theories can explain many aspects of physics that are otherwise much more difficult to explain.,For the most part these theories are ignored but such theories can explain many aspects of physics that are otherwise much more difficult to explain.
"10/4/17 - Initial Appearance ~ $ 25,000 Cash Bond set.","10/4/17 - Initial Appearance - $25,000 Cash Bond set."
"Today sees the start of I will be blogging about lots of things over the coming months but my main areas of interest Design, Photography, Technology, Marketing, Social Media and Apple.","Today sees the start of http://www.olineal.co.uk. I will be blogging about lots of things over the coming months but my main areas of interest Design, Photography, Technology, Marketing, Social Media and Apple."
Last week saw the release of CoinDesk’s latest State of Bitcoin report that gives quarterly snapshot of the digital currency ecosystem.,"Last week saw the release of CoinDesk’s latest State of Bitcoin report, which gives a quarterly snapshot of the digital currency ecosystem."
"The ruby black single malt Whisky Beinn Dubh was unveiled to ove r 3,000 motorbike enthusiasts who Gathered in Aviemore in the Cairngorms – the home of the tiny boutique distillery – they created for annual Thunder in the Glens event.","The Ruby Black single malt Whisky Beinn Dubh was unveiled to over 3,000 motorbike enthusiasts who gathered in Aviemore in the Cairngorms – the home of the tiny boutique distillery – for the annual Thunder in the Glens event."
Rule #1: Ave Toxic Food.,Rule #1: Reduce Toxic Foods.
Students will be notified for PER is right annually.,Students will be notified annually of their FERPA rights.
"With all these keen gardeners maybe next year we’ill enter to Chelsea Flower show, dreaming up big!","With all these keen gardeners maybe next year we’ll enter Chelsea Flower show, dream big!"
What is the average Tursedale life?,What is the average Truesdale lifespan?
"And as we're looking at are there potential shake-ups coming, my hope would be if there is going to be a twitching up of the team, if you will, I hope it happens sooner rather tahn later because again, this is distracting some very positive narratives for the White House -- by the way, yesterday -- story that they stepped on the GPS testimony -- all of these things.","And as we're looking at are there potential shake-ups coming, my hope would be if there is going to be a twitching up of the team, if you will, I hope it happens sooner rather than later because again, this is distracting from some very positive narratives for the White House -- by the way, yesterday -- story that they stepped on the GPS testimony -- all of these things."
Please comment below or to provide details below ti make the information on SKZ COURIER LTD,Please comment or provide details below to improve the information on SKZ COURIER LTD.
"One exception among your mom was right is to tell you to sit on and' stand up straight by 'sitting on your health.' Poor posture can have many negative effects on your health says Dr. Kenton Fibel. family medicine physician in sports: medicine (cedars-sinai job Jobe-job institute) in Anaheim, California From poor circulation to jaw aching, fatigue, headaches and sexual dysfunction, there are more than a few reasons to focus on sitting and standup more.","Your mom was right when she kept telling you to sit and stand up straight. “Poor posture can have many negative effects on your health,” says Dr. Kenton Fibel, a family medicine physician specializing in sports medicine at Cedars-Sinai Kerlan-Jobe Institute in Anaheim, California. From poor circulation to jaw pain, fatigue, headaches, and sexual dysfunction, there are more than a few reasons for you to focus on sitting and standing up straighter."
Travel Guide Andrea Foster visits some of the most beautiful churches and rum bars in square mile than anywhere else - wha.,Travel Guide Andrea Foster visits some of the most beautiful. churches and rum bars per square mile than anywhere else—wha.
Cyclosporine A vs cyclosporine A metabolites - comparisons of in vivo and in vitro immunosuppressive and toxic effects.,Cyclosporine A vs cyclosporine A metabolites: comparisons of in vivo and in vitro immunosuppressive and toxic effects.
wait—the varity of days preconditioning expiration that the user is warned.,warn—the variety of days ahead of expiration that the user is warned.
Please follow the submission guidelines of submitting photographs for identification as sending to mtaylor@taylorandstrong..,Please follow the submission guidelines for submitting photographs for identification by sending them to mtaylor@taylorandstrong.com.
"confession: i reorganize my closet weeklies the best way to do clear my head (: Also, just love your new layout!.","confession: i reorganize my closet weekly. the best way to clear my head (: Also, just love your new layout!Looks fantastic."
"Startnavigation trigger route calculation navigation to single destination point in GPS coordinate, specified by WayPoint class object.","StartNavigation triggers route calculation a navigation to a single destination point defined with GPS coordinates, specified by WayPoint class object."
There were usually numerous active plus probable country with this specific fields.,There are usually numerous active plus probable companies with this specific field.
Those having complichieve about reeling sensation should not effectave it's worth.,Those having complaints of reeling sensation should not practice it.
"1.8L 4 CYL., AUTO. POWER LOCKS, WINDOWS, MIRRORS, TRUNK & KEYLESS ENTRY!!! TILT & TELESCOPIC STEERING WHEEL!!! ABS & TRACTION CONTROL!!! A/C!!! HEIGHT ADJUSTABLE DRIVER SEAT!!! C.D IN! BLUETOOTH!!! CRUISE CONTROL!!!","1.8L 4 CYL., AUTO. POWER LOCKS, WINDOWS, MIRRORS, TRUNK & KEYLESS ENTRY!!! TILT & TELESCOPIC STEERING WHEEL!!! ABS & TRACTION CONTROL!!! A/C!!! HEIGHT ADJUSTABLE DRIVER SEAT!!! C.D. w/ AUX. & USB INPUT!!! BLUETOOTH!!! CRUISE CONTROL!!!"
Depending on the kind of room use a contrasting rug or throw pillows in shades of the room’s coulour.,"Depending on the kind of room, use a contrasting rug or throw pillows in shades of the room’s colour."
"Building on its lead-in during 10:00p.m. hour, ABC's ""The Bachelorette: After the Final Rose"" ranked-number 1's at time-zone on back of traditional master panel, beating CBS' ""Under the Dome""5 by 24% in Total Viewers (8.2 million vs. 6.6 million) and matching the final hour of NBC's 2 hours' American Ninja Warrior in Adults 18-49 (2.1/7).","Building on its lead-in during the 10:00 p.m. hour, ABC's ""The Bachelorette: After the Final Rose"" ranked No. 1 in its time slot, beating CBS' ""Under the Dome"" by 24% in Total Viewers (8.2 million vs. 6.6 million) and matching the final hour of NBC's 2-hour ""American Ninja Warrior"" in Adults 18-49 (2.1/7)."
You can use in a variety of art and crafts project.,You can use it in a variety of art and craft projects.
"Vacuum Furnace for tungsten Carbide scrape recycling furnace /sintering furnace Description PT V series vacuum furnace is widely used for heat treatment of metal materials in high vacuum,recursive,protective atmosphere as well as for heat treatment of special materials,such as carbonation process of carbon products development.","Vacuum Furnace for Tungsten Carbide scrape recycling furnace /sintering furnace Description PT V series vacuum furnace is widely used for heat treatment of metal materials in high vacuum,recursive,protective atmosphere,also used for heat treatment of special materials,such as carbonation process of carbon products development."
It has won me a nomination for Poet 2002 and the Editor's Choice awards.,It has won me a nomination for Poet 2002 and the Editor's Choice award.
Role of the steroids usage in the career success wo my example on a famous cyclist.,Role of the steroids usage in the career success on an example of a famous cyclist.
"Waring many hats and roles can be a difficult juggling act, so I am giving myself permission this season to make mistakes:::::::::::::::::::) and ""turn"" a few ball once in awhile...I need to be a happy person first before I can be a great teacher.","Wearing many hats and roles can be a difficult juggling act, so I am giving myself permission this school year to make mistakes and ""drop"" a few balls once in awhile...I need to be a happy person first, before I can be a great teacher."
"Using The Clifton Strengths Finder 2.0 ""All 34"" Assessment, I will help you gain valuable self-awareness and learns to leverage your top strengths to maximize your impact, satisfaction and joy in life.","Using the Clifton Strengths Finder 2.0 ""All 34"" Assessment, I will help you gain valuable self-awareness and learn to leverage your top strengths in order to maximize your impact, satisfaction, and joy in life."
"Inspired by the woman whom she has produced’ free-spirited Southern California roots, Lovestrength’s high quality, finely tuned leather belts embodying the bohemian style of life style.","Inspired by the female founders’ free-spirited Southern California roots, Lovestrength’s high quality, finely crafted leather belts embody the bohemian lifestyle."
"I've already started working on the next one, though I'm taking a break from DromEd at least until the voting puriod ends.","I've already started working on the next one, though I'm taking a break from DromEd at least until the contest voting period ends."
"Dr. Ferdowsian previewed the research last year at PCRM’s Animals, Research, and Alternatives conferece, which brought together experts around the world to discuss the scientific and ethical imperatives associated with animal research, changing cultural perspectives about the status of animals in society, and burgeoning alternatives to animal research.","Dr. Ferdowsian previewed the research last year at PCRM’s Animals, Research, and Alternatives conference, which brought together experts from around the world to discuss the scientific and ethical imperatives associated with animal research, changing cultural perspectives about the status of animals in society, and burgeoning alternatives to animal research."
Objectives: To assay the efficacy and safety of ultrasound guided foam sclerotherapy (UGFS) with specific long saphenous trunk reflux.:),Objectives: To assess the efficacy and safety of ultrasound guided foam sclerotherapy (UGFS) with a long saphenous trunk reflux.
"But there’s little that state and federal regulators can do to help customers leased household goods from Rent-A-Center, the country’s Leading rent-to-own company where nearly 2500 stores is floor across the U.S.","But there’s little that state and federal regulators can do to help customers who leased household goods from Rent-A-Center, the country’s leading rent-to-own company with nearly 2,500 stores across the U.S."
Oh there are some absolutly fabulous projects & quite items; link to in week!,Oh there are some absolutely fabulous projects & items linked up this week!
Previous articleSave For Retirement Or Chidl’s College Fund?,Previous articleSave For Retirement Or Child’s College Fund?
Does Cloud Search support third party data?,Does Cloud Search support third-party data?
Myth: Be Bleach is the best product to get mold.,Myth: Bleach is the best product to get rid of mold.
"Auto complete is Context sensative, so you will be shown only Tags that are relevant to your location of HTML file.","Auto complete is context sensitive, so you will only be shown Tags that are relevant to your location within the HTML file."
mystyeyes . HarleySquirt－ DonnaGold ／ hotlika.,mystyeyes . HarleySquirt. DonnaGold. hotlika.
"According to our Le Progres colleagues, the player’s flight to France was delayed today.","According to our colleagues at Le Progres, the player’s flight to France was delayed today."
"First, here's what the Holy's Ghost and word is not telling me.","First, here's what the Holy Ghost and word is not telling me."
"To discuss your questions and needs with a family lew lawyer, call our West Long Branch office 732-4419887 or our Scotch Plains at 908-264-2067 or contact us online.","To discuss your questions and needs with a family law lawyer, call our West Long Branch office at 732-440-9887 or our Scotch Plains at 908-264-2067 or contact us online."
The Pakistani intelligence official say the attack took place Thursday and targetted house in a village at north of the region's main town of Miran Shah.,Pakistani intelligence officials say the attack took place Thursday and targeted a house in a village north of the region's main town of Miran Shah.
The invitation to give faith perspective as a counterbalance to the campaign for legalisation has come from the Vicar of Chobham The Revd Chris Bessant.,"The invitation to give a faith perspective as a counterbalance to the campaign for legalisation. has come from the Vicar of Chobham, The Revd Chris Bessant."
"Absence Caris LeVert is natural, but in these situations, it needs to be not just the next man but the best next man up.","Missing Caris LeVert is natural, but in these situations, it needs to be not just the next man up, but the best next man up."
How is it about animals that can help us go back t take home?,What is it about animals that can help us get back on track?
"PONTIUS, SARAH RENNE,' 'was born 29 January 1990 and registered as a vote participant of Moore, Oklahoma, U.S.A.","PONTIUS, SARAH RENNE' was born 29 January 1990 and registered to vote in Moore, Oklahoma, U.S.A."
"They are all part of an Ecumenical Advocates group which has representative from four denominations which runs residential schools (Catholic, Anglican, United, Presbyterian) as well as from several evangelical groups including Mennonites, Alliance, Pentecostals and Baptists.","They are all part of an Ecumenical Advocates group which has representatives from the four denominations which ran residential schools (Catholic, Anglican, United, Presbyterian), as well as from several evangelical groups including Mennonites, Alliance, Pentecostals and Baptists."
Hohohohohoo!! Imy copy of Dark Kiss arrived it this week! hohohohohohohohohohohohohoho! and you know that Im a BIG sucker for Angels and Demons hohohohohohhoohhoohhohoo!!!! Im taking this book with me for the train on my way to BEA! =D woohooo!!!,Hohohohohoo!! Imy copy of Dark Kiss arrived this week! hohohohohohohohohohohohohoho! and you know that Im a BIG sucker for Angels and Demons hohohohohohhoohhoohhohoo!!!! Im taking this book with me for the train on my way to BEA! =D woohooo!!!
Someone believes something is going to be a cetain way so they think it is?,Someone believes something is going to be a certain way so they think it is?
Your booklet will be printed on one side of earch sheet on one hundred pounds of paper of 192.,Your booklet project will be printed on one side of each sheet on 100 lb. text weight paper.
Join Icicle’s global network and acquire unique consulting opportunities. (.,Join Icicle’s global network and acquire unique consulting opportunities.
Mr. Le Thang Loi was formally trained in Computer Engineer from the University of Transport in Ho Chi Minh City Loi’s experience in the road industry including 5 years at Mercedes-Benz Vietnam as one of the key personnel in the implementataion for Autoline's DMS.,Mr. Le Thang Loi was formally trained in Computer Engineer from the University of Transport in Ho Chi Minh City. Loi’s experience in the Automotive industry including 5 years at Mercedes-Benz Vietnam as one of the key personnel in the implementation for Autoline DMS.
The company ius supported by the fund I&P Afrique Entrepreneurs (IPAE Corner M 1) since 2016. (),The company is supported by the fund I&P Afrique Entrepreneurs (IPAE 1) since 2016.
"We gave our guide 100 php each as tip. (This is not required and there is no fixed rate for this), then we could freshen up and have lunch in one of the houses in the area.","We gave our guide 100 php each as tip (this is not required and there is no fixed rate for this), then we proceeded to freshen up and have lunch in one of the houses in the area."
"How to Apply: Interested candidates must submit by email a cover letter, resume, at least five job related references, and salary history by 5:00 p.m. on May 24, 2019 to: Lisa Ward, Vice President, The Mercer Group, Inc., at [email protected] a question: 9326. Interviews are expected to be conducted for the last week of June 2009.","How to Apply: Interested candidates must submit by email a cover letter, resume, at least five job related references, and salary history by 5:00 p.m. on May 24, 2019 to: Lisa Ward, Vice President, The Mercer Group, Inc., at [email protected]. Any questions please call 706-983-9326. Interviews are expected to be conducted the last week of June 2019."
- Dress your kids in a cute Sherry Lynn tee-shirts available in blue and pink.,Dress your kids in cute Sherry Lynn tee-shirts. Available in blue and pink.
"Median of the next percentage: 37, 31, 42, 43, 46, 25, 39, 45, 32.","Find the median of the following values: 37, 31, 42, 43, 46, 25, 39, 45, 32."
health education cna program newport news Newport News nurse aide Traning - CNA SchoolsWith a Newport News nurse aide training programm students learn the based about nursing.,health education cna program newport news Newport News Nurse Aide Training - CNA SchoolsWith a Newport News nurse aide training program students learn the basics about nursing.
What are bags of camera I uslaus?,What Camera Bags Do I Use?
"Eleven Taranaki wells are included in this product containing well summay data, summry plots and standard set of log curves and associated ASCII datas.","Eleven Taranaki wells are included in this product, each containing well summary data, summary plots and standardised set of log curves and associated ASCII data."
Welcome county line Polo Club!,Welcome to County Line Polo Club!
Loosen the 2 tie rod lock nuts and removed the 2 outer tie rod ends from the inner tie rods.,Loosen the 2 tie rod lock nuts and remove the 2 outer tie rod ends from the inner tie rods.
2010 Tour de France winner Alberto Contador’s Specialized S-Works Tarmac SL3 LTD racing road bike (availurious purchased one!) costs $94 00.,2010 Tour de France winner Alberto Contador’s Specialized S-Works Tarmac SL3 LTD racing road bike (available for purchase!) costs $9400.
A power of sale likewise describes the power expressed or suggested in a trust agrement allowing the trustee to sell the financial investmet comprising the trust.,A power of sale likewise describes the power expressed or suggested in a trust agreement allowing the trustee to sell the financial investment comprising the trust.
If you haven't do so already download the new Oscar Version from WordPress.org now.,If you haven't done so already download the new Oscar version from WordPress.org now.
LadyBathord-BishopBrandonWikendaTSBigCock10Inchesx .LadyBathoryyyperfectTITS20xBrigiteHotSkinyBabe .AlissonXArdentFairyHairyXAlissonXArdentMiriamRebellee .FairyHairyXCharlotteQueenPapihornyCrazyGirl91 .NeierisCaitlynDeVilleVallTheLegendexodus26 .exodus26LolaCakesFairyHairyXJoannaNice .MusclesandInkTemptingLovercamilaboobsLorelaiJoli .BabyBooGCumTSFiestaJenniferDolllCharlotteQueen .skazkaaNeierisLadyBathoryyyDancingBoobs .MusclesandInkgary4UMoltenLoveAmberWiliams .BigCOCKTobiaspitbulls69FairyHairyXMoltenLove .,LadyBathoryyyBishopBrandonWikendaTSBigCock10Inchesx .LadyBathoryyyperfectTITS20xBrigiteHotSkinyBabe .AlissonXArdentFairyHairyXAlissonXArdentMiriamRebellee .FairyHairyXCharlotteQueenPapihornyCrazyGirl91 .NeierisCaitlynDeVilleVallTheLegendexodus26 .exodus26LolaCakesFairyHairyXJoannaNice .MusclesandInkTemptingLovercamilaboobsLorelaiJoli .BabyBooGCumTSFiestaJenniferDolllCharlotteQueen .skazkaaNeierisLadyBathoryyyDancingBoobs .MusclesandInkgary4UMoltenLoveAmberWiliams .BigCOCKTobiaspitbulls69FairyHairyXMoltenLove .
WW bayt is about a Collectibles for Sale ocate at New bedford ma for search link another's listings like WW bayt sarching Oodle for Collectible for Sale of Providence.,WW bayt is a Collectibles for Sale located in New Bedford MA. Find other listings like WW bayt by searching Oodle for Collectibles for Sale in Providence.
"It’s like domestic football – the English league just can’t arouse any interest in me and the Scottish league – rubbish though it often is – has a more authentic, human relevance to it.","It’s like domestic football – the English league just can’t arouse any interest in me, and the Scottish league – rubbish though it often is – has a more authentic, human relevance to it."
"Terminal operations; Helps with supply chain integration, forecasting capability improvement and hotspot management; and provides flexibility in workforce and equipment deployment.","Terminal operations: Helps with supply chain integration, forecasting capability improvement and hotspot management, and provides flexibility in workforce and equipment deployment."
"There is a season of change (a newly refurbished camp, a new management couple and a new partnership with Mantis) and is not without its challenge (most notably September fire in our staff quarters), but it was without doubt a successful season: the wildlife viewing was unbelievable, our guest feedback has been overwhelmingly positive and our staff have finished the season proud of what they had achieved and have excited to what the next season n't bring.","This was a season of change (a newly refurbished camp, a new management couple and a new partnership with Mantis) and was not without its challenges (most notably the September fire in our staff quarters). But it was without doubt a successful season: the wildlife viewing was unbelievable, our guest feedback has been overwhelmingly positive and our staff have finished the season proud of what they have achieved and excited about what the next season will bring."
"Thanks for being so generous from your time and sharing all of blinna thing!; Love to you, friend!","Thanks for being so generous with your time and for sharing all of this Bethany! Love to you, friend!"
"And I’m feeling totally the same effects from this Green Tea Powder that as I did from Matcha. That sort of energetic feeling that pumps through the veins after I drink a bowl of Matcha? Yeah, that’s what I’m talking about … I feel that same rush from this Green Tea Powder. It’s revitalizing!","And I’m feeling much the same effects from this Green Tea Powder as I do from Matcha. That sort of energetic feeling that pumps through the veins after I drink a bowl of Matcha? Yeah, that’s what I’m talking about … I feel that same rush from this Green Tea Powder. It’s revitalizing!"
How will my bank account information be handled.,How will my bank account information be handled?
Therefore if you have the intention to get that all benefits then you should not in an anymore and you should bring that amazing brain bosteing formula to use.,Therefore if you have the intention to get all of these benefits then you should not in an anymore and you should bring such an amazing brain boosting formula into use.
The experience of nearly losing her father to depression inspired Claire Worden to launch a campaign mobil people working and living in agriculture.,The experience of nearly losing her father to depression inspired Claire Worden to launch a campaign to support young people working and living in agriculture.
"Our GenTech Bootcamp is perfect for student wanting to gain the same knowledge, experience and benefits of our fast track bootcamp but over a 10-month part-time period with 4 weeks internship at the end.","Our GenTech Bootcamp is perfect for students wanting to gain the same knowledge, experience and benefits of our Fast Track bootcamp but over a 10-month part-time period with a 4 week internship at the end."
"Mountains traps the emissions onshore, and temperature inversions keep the pollutants from dissipate into the air, the study said.","Mountains trap the emissions blown onshore, and temperature inversions keep the pollutants from dissipating into the air, the study said."
"For example, the simplistic wood finishes in around the room appear to be drawn from bistros across Cyprus, and Cortado’s ambient music consists primarily of the acoustic Spanish fusion that might be heard throughout tearooms in modern Madrid; and what ended up invoking an aesthetic of post-war Americana was the classic seating (repurposed school chairs and painted and and unpatterned a porcelain countertop set beneath a cluster of lustrous metal besides.","For instance, the simplistic wood finishes found around the room appear to be drawn from bistros across Cyprus, and Cortado’s ambient music consists primarily of the acoustic Spanish fusion that might be heard throughout tearooms in modern Madrid. What ended up invoking an aesthetic of post-WWII Americana for me was the classic seating (repurposed school chairs and painted stools) coupled with an unpatterned porcelain countertop set beneath a cluster of lustrous metal."
How to compere Wedding photographer?,How to compare wedding photographers?
"PANELISTS: Sonal Holland (India’s First Master of Wine & YouTube Wine Educator); Atul Sikand (Founder-Admnistrator of Sikandalous Cuisine, Largest Indian Recipe-Sharing Facebok); Rucika Mehta, Corporate Director, Communications & Public Relations, The Park Hotels; Ranjita Shaw, Cluster PR Manager, Roseate Hotels & Resorts; Niharica Rai, Seinor Conmuniations Consultant, VTY. Moderator: Saransh Goila (TV Chef & Author).","PANELISTS: Sonal Holland (India’s First Master of Wine & YouTube Wine Educator); Atul Sikand (Founder-Administrator of Sikandalous Cuisine, Largest Indian Recipe-Sharing Facebook Community); Ruchika Mehta, Corporate Director, Communications & Public Relations, The Park Hotels; Ranjita Shaw, Cluster PR Manager, Roseate Hotels & Resorts; Niharica Rai, Senior Communications Consultant, VTY. Moderator: Saransh Goila (TV Chef & Author)."
"You must report the card Lost, stolen, or damaged either to EBT help desk or to Arkansas Department of Human Services as contact information listed below.","You must report the card as lost, stolen, or damaged, either to the EBT help desk or to the Arkansas Department of Human Services. The contact information is listed below."
"16) apparatus of claim 15, wherein the selecting module increases the number of the one or more resources for which another subsequence RUM is sent in response to a decrease or stasis of the level of received service,","16. The apparatus of claim 15, wherein the selecting module increases the number of the one or more resources for which another subsequent RUM is sent in response to a decrease or stasis of the level of received service."
Where l can get the trainning of teaching English in japn?,Where l can get the training of teaching English in japan?
"Though never set foot in the heartland of North America, Columbus has long since been revered in the United States Indeed our Pledge of Allegiance was penned by Francis Bellamy to mark 400th-year anniversary of Columbus’ our first voyage.","Though he never set foot in the heartland of North America, Columbus has long been revered in the United States. Indeed, our Pledge of Allegiance was penned by Francis Bellamy to celebrate the 400th anniversary of Columbus’ first voyage."
ArcGISPro Training I am completing Get Stating with ArcGIS Pro Tutorial and Web Course I have came accirss in two case where Geoprocessing tool it need for the tutorial iis Web Course well then > when I select certain Geoprocessing tools I have have receive messege stating Tool not licensed.,"ArcGISPro Training, I am completing the Get Started with ArcGIS Pro Tutorial and Web Course. I have come across two cases where the Geoprocessing tool needed for the tutorial or Web Course. When I select certain Geoprocessing tools I receive a message stating ""Tool Not Licensed""."
Referring to the Bribe section for more feelings on the Bribe Comand Ability itself.,Refer to the Bribe section for more info on the Bribe Command Ability itself.
My favorite thing about making this Escarole Salad is when using escarole you can change the flavor of the salad by using more inner leaves as opposed by just using the outer leaves.,My favorite thing about making this Escarole Salad is when using escarole you can change the flavor of the salad by using more inner leaves as opposed to just using the outer leaves.
The bottom of the transition zone goes to 660km of depths.,The bottom of the transition zone goes to depths of 660km.
Josh Sigurdson talks with author and economic analyst John Sneisen in Paso Robles California regarding the crash of Australian housing markets across the board as the reserve bank of Australia decides a potential rate to cut and quantitative easing.,Josh Sigurdson talks with author and economic analyst John Sneisen in Paso Robles California about the crash of the Australian housing markets across the board as the Reserve Bank of Australia decides on a potential rate cut and quantitative easing.
message speaking against mental health stigma of World Mental Health Day.,message speaking out against mental health stigma on World Mental Health Day.
The toolkit is available as a benefit of mebership on the Modbus Organization or can be purchased separately for US$500 plus shipping and handling.,The toolkit is available as a benefit of membership in the Modbus Organization or can be purchased separately for US$500 plus shipping and handling.
"my own bobthers me, i hide all all me-","my own bothers me, I hide it."
"BrightPoint Americas will be distributed distribution report to CDMA regional carriers and the Associated Carrier Group (ACG), buying group it consists of regional CDMA carriers.","BrightPoint Americas will provide distribution services to CDMA regional carriers and the Associated Carrier Group (ACG), a buying group consisting of regional CDMA carriers."
Rebecca holds her daughter Rachael 11 months while she eats a high nutrient peanut paste after been treated for Severe Acute Malnutrition in a Save the Children Stabilies senter in South Sudan.,"Rebecca holds her daughter Rachael*, 11 months, while she eats high nutrient peanut paste after being treated for Severe Acute Malnutrition at a Save the Children stabilisation centre in South Sudan."
What Happens I Don't Rake My Leaves?,What Happens if I Don't Rake My Leaves?
The breakfast-buffet includes an eggs to order station and a variety of cereals and fresh fruits.,The breakfast buffet includes an eggs to order station and a variety of cereals and fresh fruits.
2) (crunchy and satisfy hamberger pencak),2. Or crunchy and satisfying hamburger buns.
9 ~ Michael Jordan will break 100 at Bethpage black but just barely.,"9. Michael Jordan will break 100 at Bethpage Black, but just barely."
"In addition to this page of discount shopping bargains and promo rules, also browse any Web 2 Carz Coupons, Lego.com Coupons, Denise Austin Fit Forever Coupons, TicketLiquidator.com Coupons and Alaska Air Coupons.","In addition to this page of discount shopping bargains and promo codes, also browse our Web 2 Carz Coupons, Lego.com Coupons, Denise Austin Fit Forever Coupons, TicketLiquidator.com Coupons and Alaska Air Coupons."
Given most that they cut it down from 18th to 15th but then they had been removing it more early on the 15th so they most likely more than enough.,Considering they cut it down from the 18th to the 15th then removed it early on the 15th they most likely have more than enough.
"The consortium will appeal encrypting again such information using special technologies to prevent it from being altered, the source said.","The consortium will consider encrypting such information by using special technologies to prevent it from being altered, the sources said."
Peace of mind comes with knowing that your most prized possessions are protect by a specialist household insurance policy that is decorative around you.,Peace of mind comes with knowing that your most prized possessions are protected by a specialist household insurance policy that is specifically designed around you.
"Spinach, Ricotta & eat Blend Of Cheese With italian Spices.","Spinach, Ricotta & Special Blend Of Cheese With Italian Spices."
25. I like be better but I really hate to go to gym and do the exercises under the eyes of everyone…it makes me embarrasses a lot!,"25. I would like to be in better shape, but I really hate going to gym and do the exercises under the eyes of everyone…it embarrasses me a lot!"
How To Frame A Bathroom Mirror Beastles modern mirror modern good example Mirror Plastic Plates Mirror Plastic Clip with resolution 199x300 px.,How To Frame A Bathroom Mirror Bathrooms Bathroom Modern Mirror Plastic Plates Mirror Plastic Clip with resolution 199x300 px.
Patent US6248683 - Process for the regeneratiene of … The present invention is concerned about a process for the regeneration of the spent silica gel used in chromatographic and for any other kind of silica.,Patent US6248683 - Process for the regeneration of … The present invention is concerned a process for the regeneration of the spent silica gel used in chromatography and for any other kind of silica.
"Blanchar-dPeter-Slavery-Abolition in Peru early Republic and Rowman & Littlefield,1992 to.","Blanchard, Peter. Slavery and Abolition in Early Republican Peru. Rowman & Littlefield, 1992."
Spring Fling Givea was SNEAK PEEK!,Spring Fling Giveaway SNEAK PEEK!
"Marin Noggenfogger yells: When this is all over, dont've forget your free or slightly discounted - nogmensfoggers!","Marin Noggenfogger yells: When this is all over, don't forget your free - or slightly discounted - Noggenfoggers!"
Quad-core CPU of the handset clocked at 2.2GHz Supported by 2GB RAM It runs on Android 4.2.,The quad-core CPU of the handset is clocked at 2.2GHz and is supported by 2GB RAM. It runs on Android 4.2(Jelly bean).
"Sep 5 (NS) In a week of hectic political developments, President Mahinda Rajapaksa and his ruling UPFA by UPFA party appear to have emerged as the strongest political force in all these countries in its post-independent history, although the constitutional changes that it has planned are yet to be formally adopted by Parliament; indeed, there were no surprises when the issue of constitutional amendments was first broached after the genaral election because that election was fought on more than that.","Sep 5 (NS) In a week of hectic political developments, President Mahinda Rajapaksa and his ruling UPFA appear to have emerged as arguably the strongest political force in the country in its post-independent history, although the constitutional changes that it has planned are yet to be formally adopted by Parliament. Indeed, there were no surprises when the issue of constitutional amendments was first broached after the general election because that election was fought on more.."
"Thus, by placing the opening portion 4010 and the opening portion 4011 so that they are shifted from each other as illustrated by FIGS. 31A and 31B, the areas of the region in the conductive layer 4002 (first wiring) and the conductive layer 4004 (second wiring) overlap all other on the intersection portion is reduced.","Thus, by placing the opening portion 4010 and the opening portion 4011 so that they are shifted from each other as illustrated in FIGS. 31A and 31B, the area of the region where the conductive layer 4002 (first wiring) and the conductive layer 4004 (second wiring) overlap with each other in the intersection portion is reduced."
The greatest prize I've what won was who $50 gift cert of a costume company for placing third in a kid's cake contest!,"The greatest prize I've ever won was a $50 gift cert to a costume company, for placing third in a kid's cake decorating contest!"
"I think that blood lipid panel include 4 main categories of lipid packages (lipoproteins): Total Cholesterol (TC), Low Density Lipoprotein (LDL), High Density Lipoprotein (HDL) and Triglycerides (TG) so what numbers should you aim for.","The blood lipid panel includes 4 main categories of lipid packages (lipoproteins): Total Cholesterol (TC), Low Density Lipoprotein (LDL), High Density Lipoprotein (HDL), and Triglycerides (TG). So what numbers should you aim for?"
Opt for I Like Beds and find the right bedeefor you and your family.,Opt for I Like Beds and find the right beds for you and your family.
They have also like these farm tractors.,They also have these farm tractors.
"Just to note, the modelling is still not finished ... I have some tri fixes to continue doing, a bit more detailing here and there ... and I also need to add it in a bunch of secondary models ... to quickly toss in details that have been difficult to model in directly (such as weapon mounts, detail of spike hardpoint, etc).","Just to note, the modelling is still not finished; I have some tri fixes to continue doing, a bit more detailing here and there, and I also need to add in a bunch of secondary models to quickly toss in details that would have been difficult to model in directly (such as certain weapon mounts, details on the spike hardpoints, etc)."
"In case anyone wonder what it’s like to rely on the promises of a corporation instead of the power of a union, considers the case of the Xerox Corporation.","In case anyone wondered what it’s like to rely on the promises of a corporation instead of the power of a union, consider the case of the Xerox Corporation."
The modern South Tyrol was part of the Austro-Hungarian empire until 1919 when it was annexed by Italy.,Modern South Tyrol was part of the Austro-Hungarian Empire until 1919 when it was annexed by Italy.
What to I mean by guidelines.,What do I mean by guidelines?
Blezien of LeasePlan stressed the importance of providing fleet management with data on the company’s liability carrier or third-party administrator as a means to streamline the claims process.,"Blezien of LeasePlan stressed the importance of providing fleet management companies with data on the company’s liability carrier or third-party administrator, as a means to streamline the claims process."
Onlys Rertain people can read this.,Only certain people can read this.
Included 4-noded integration cell in MAXENT approximatinon for EFG 3D.,Included 4-noded integration cell in MAXENT approximation for EFG 3D.
"Are you looking current, active synagogues where you might find a minyan or historie buildings that was a once synagogues?","Are you looking for current, active synagogues where you might find a minyan or historic buildings that once were synagogues?"
"MindStir Media Author Shared ""Writing lessons in Downton Abbey""","MindStir Media Author Shares ""Writing Lessons from Downton Abbey"""
PS: answer mostly taken from Kent's comment.,PS: answer mostly taken from Kent's comment.
Please use the Buildin g/Plumbing and Drainage Work Visual Compliance Inspection Form (PDF 124 KB) for a visual comply inspection on plumbing and drainage a Installation.,Please use the Building/Plumbing and Drainage Work Visual Compliance Inspection Form (PDF 124 KB) for a visual compliance inspection of plumbing and drainage installations.
"Ouch, this really hurts, But I do see the need.","Ouch, this really hurts, but I do see the need."
But These events dontchange the trajectory of the global economy.,But these events don’t change the trajectory of the global economy.
"Cleaning slime, fish oil, and protein that has got even on the face is easy because of its EVA material.","Cleaning away slime, fish oil, and protein that has accumulated on the grip is easy because of its EVA material."
Cooper Countryman (R60) - with 1.6L 4 Cyl (16 Valve) The spark plug connector is not available separately.,Cooper Countryman (R60) - 1.6L 4 Cyl (16 Valve) The spark plug connector is not available separately.
The Minerology of Canada (2005) 43 (2): 713-720.,The Canadian Mineralogist (2005) 43 (2): 713-720.
The double suicide mirrors events at England last year when Joanne Coombs took her own life under the wheels of a train at the exact spot on the line where her 17-year-old daughter Natasha had been struck by a high-speed train.,"The double suicide mirrors events in England last year, when Joanne Coombs took her own life under the wheels of a train – at the exact spot on the line where her 17-year-old daughter, Natasha, had been struck by a high-speed train."
USA also ship it to most locations in the continental USA using UPS handoff.,We also ship to most locations in the continental USA using UPS handoff.
2) Click on the Genereal.,2) Click on the General.
Ship a bunch of boxes / crate home by sea freight.,Ship a bunch of boxes/crates home by sea freight.
"In celebration of PhAses, Melii will be headlining show tonight at S.O.B's in New York City where she'll be performing the album on its entirety.","In celebration of PhAses, Melii will be headlining a show tonight at S.O.B's in New York City where she'll be performing the album in its entirety."
"View webinars below or downloading PDF of all People webinars (PDF, 267 KB).","View webinars below or download PDF of all People webinars (PDF, 267 KB)."
"Matthew E. Dal-Pino, 17, Elmhurst, Illinois, is about suspect possession case of THC.","Matthew E. Dal-Pino, 17, Elmhurst, Illinois, has been cited on suspicion of possession of THC."
Seven Minutes In Heaven (Film Movement) — Do available on DVD .,Seven Minutes In Heaven (Film Movement) — Available on DVD .
7. The error that caused the failure during selection of suportsto assign seismic groups is fixed.,7. The error that caused the program failure during selection of supports to assign seismic groups has been fixed.
The information is actually supplied via Web as well as freshened regularly doing away with need for numerous pricey on site train programs finished.,"Information is actually supplied via the Web as well as freshened regularly, doing away with the need for numerous pricey on-site training programs."
Underbite: Boxers were naturally sheet-shot jaw.,Underbite: Boxers have naturally undershot jaws.
Our Payment Estimator will help you choose the financing use that will work best to your budget.,Our Payment Estimator will help you choose the financing options that work best with your budget.
Gravity-induced stirred mills initiate a ball charge motion in rotations. has both stirred milling technologies in the Verrtill and the Stirred Media Deteritor .. Sulfur. Talc. Uranium. Zinc Concert. Zinc Lead Ore. Ball Mill. Vertimill®.,Gravity-induced stirred mills initiate a ball charge motion via rotational . has both stirred milling technologies in the Vertimill and the Stirred Media Detritor .. Sulphur. Talc. Uranium. Zinc Concentrate. Zinc Lead Ore. Ball Mill. Vertimill®.
The participant’s max COBRA cover span would end on March 15 2007.,"The participant’s maximum COBRA coverage period would end on March 15, 2007."
The majority of exhibits within WonderWorks attraction are visual and include signage to explain how you work.,The majority of exhibits within the WonderWorks attraction are visual and include signage to explain how they work.
I showed having a next day through first by Cameron Hetchn Taylor Zeutenhorst and Eli Roundtree hit back-to-back home runs for the early 5-0 Advantage.,"Followed a groundout to first by Cameron Hetchn, Taylor Zeutenhorst and Eli Roundtree hit back-to-back home runs for the early 5-0 advantage."
Whisk everything together and cook over a moderate high temperature about 2-3 minites each side..,Whisk everything together and cook over medium high heat about 2-3 minutes each side..
"Among programs that existed in 2006, 85% of pantries, 67% of kitchens, and 67% of mantaines of The Food Bank of Northeast Louisiana report that there had been an increase since 2006 in the number of clients who come to their emergency(8.1 emergency program sites.","Among programs that existed in 2006, 85% of pantries, 67% of kitchens, and 67% of shelters of The Food Bank of Northeast Louisiana reported that there had been an increase since 2006 in the number of clients who come to their emergency food program sites (Table 10.8.1)."
The most successful athletics team in Hawaii must be least known yet.,The most successful athletic team in Hawaii may be the least known.
"With most of VoIP services, you can also check your voice mails on the Internet, or send messages to your computer or handheld to attach address directly. ( By the way, if you’re interested in any features, not all VoIP companies are created equal, so do a little shopping in first half hours because prized and services do vary).","With most VoIP services, you can also check your voice mail on the Internet, or attach messages to an reach that is sent directly to your computer or handheld. (By the way, if you’re interested in any of these features, not all VoIP companies are created equal, so do a little shopping around first, because prices and services do vary)."
Get the app Contractors have been waitting for.,Get the app Contractors have been waiting for.
"Sunday 10th, Feburary 2019 19:27:32: PM. Coloring Pages.. Rene Ferrell.","Sunday 10th, February 2019 19:27:32: PM. Coloring Pages.. Rene Ferrell."
a hymn should uplift the singer into closer communion for Gad.,a hymn should uplift the singer into closer communion with God.
Sometimes following washing of alcohol DNA is solubilized in water or 8 mM NaOH there is no presence of phenolic in EZ-DNA.,"Following an ethanol wash, the DNA is solubilized in water or 8 mM NaOH. There is no phenol in EZ-DNA."
HOW is a gospel-music singing/music group with a vision of building an end-time worshiper community and a mission of changing all atmosphere with undiluted praise.,HOW is a gospel singing/music group with a vision of building end-time worshipers and a mission of changing every atmosphere with undiluted praise.
"Ricinus Communis (Castor seed) Oil, Lanolin, Polyglyceryl-3 Beeswax, Flavor, Beeswax, Hydrogenated Castor Oil, Silica, Benzyl Benzoate, Tocopheryl Acteate,: Carhuamus Benzothirus (Safflower) Oil, Ammonium Glycyrrhizate, Rubus Idaeus (Raspberry) Tocopherol, Titanium Dioxide, , Yellow 5 Lake.","Ricinus Communis (Castor Seed) Oil, Lanolin, Polyglyceryl-3 Beeswax, Flavor, Beeswax, Hydrogenated Castor Oil, Silica, Benzyl Benzoate, Tocopheryl Acetate, Carthamus Tinctorius (Safflower) Oil, Ammonium Glycyrrhizate, Rubus Idaeus (Raspberry) Extract, Tocopherol, Titanium Dioxide, Red 7 Lake, Yellow 5 Lake."
"Good: Dewatering, granding, desliming etc.","Usage: dewatering, granding, desliming etc."
Contact infobox@microdoctor.com for more info or call 330-984-0154 for urgent requests.,Contact Info@microdoctor.com for more info or call 330-984-0154 for urgent requests.
"14 for Marx (New York,","14. For Marx, Vintage Books, New York, 1970."
"That South Africa’s magazien sector has issues to deal is clear, clearly the black and white issue of race is not one of issue; diversity, all agree, is a key element of long-term sustainability.","That South Africa’s magazine sector has issues to deal with is clear, clearly the black and white issue of race is not one of them; diversity, all agree, is a key element of long-term sustainability."
Him: Do you know about Jimi Hendrix?,Him: Do you know Jimi Hendrix?
Funded supplies for a wall-sized ceramic periodic table got by Advanced Placement chemistry students at Grafton High School.,Funded supplies for a wall-sized ceramic periodic table constructed by Advanced Placement chemistry students at Grafton High School.
Awww look how be these charms are cute and yummy!!,Awww look how cute and yummy these charms are!!
Mo333 hasn't asked any friends to write on recommendation for yet.,Mo333 hasn't asked any friends to write a recommendation yet.
The titans return back to action this week as they hit at the road will take Long Beach State on Thursday (Jan. 19) at 7:30 p.m. and UC Irvine on Saturday (Jan. 21) at 4 p.m.,The Titans return to action this week as they hit the road to take on Long Beach State on Thursday (Jan. 19) at 7:30 p.m. and UC Irvine on Saturday (Jan. 21) at 4 p.m.
so i keep on with this line,so i keep on with this line.
"displaying language code, native and English language name properly.","display of language codes, native and English language names properly."
In like conducted MIAC championships well run Swimming event.,Liked: MIAC championships - well run swimming event.
Great company to work with with ongoing Contracts... And a Genuine Vintage Ice Cream Van Very. (Keep up the hard Work).,"Very Professional Company that understand their clients Wishes.. Great company to work with ,With ongoing Contracts... And a Genuine Vintage Ice Cream Van... Very. Very satisfied...Keep up the hard Work."
On retreat we have an opportunity to sit down with the future selves that we would love to become.,On retreat we have an opportunity to sit down with the future self that we would love to become.
"Speakers including former member of Planning Commission Bhalchandra Munagekar Y S Alone, Professor of Art and Aesthetics, JNU, and Waman Kendre, Director of National School of Drama, Suhas Borkar of Working Group on Alternative Strategies called for waging a wa on ""mindset of Social injustice"".","Speakers including former member of Planning Commission Bhalchandra Munagekar Y S Alone, Professor of Art and Aesthetics, JNU, and Waman Kendre, Director of National School of Drama, Suhas Borkar of Working Group on Alternative Strategies, called for waging a war on ""the mindset of social injustice""."
Add or Update Information that C.R.A.Z.Y.O.T.A.K.U.,Add or Update Information for C.R.A.Z.Y.O.T.A.K.U.
Can dealers who entitled our ads to www.buyandsellmobility.co.uk?,Can dealers list ads on www.buyandsellmobility.co.uk?
"Now, It is clear just how important that day was.","Now, it is understood just how important that day was."
The Reserve Bank of India is cutting down what contented repo rate?,The Reserve Bank of India has cut down repo rate by Which Percent?
"Thanks, Sue Hope You enjoyed it.","Thanks, Sue. Hope you enjoyed it."
I was happy to share resources to learn more about the process and how to create honourum soluts with your wife.,I am happy to share resources so you can learn more about the process and how to create honourable solutions with your spouse.
Ricktimes appear a comment of T7144: Podcast Review & Planning - Mon 9 Oct 19:00 GMT.,ricktimmis added a comment to T7144: Podcast Review & Planning - Mon 9 Oct 19:00 UTC.
Daryl is now - for at first glance - for employ actors with disabilities.,Daryl is now a big advocate for employing actors with disabilities.
Now if I can find a place called 'Clotted Cream' and something of nice jam I drank it when I did tea at Fortnum and Mason 'now.,"Now if I can find the Clotted Cream and some of the nice jams I had when I did tea at Fortnum and Mason, I will be set."
others accross the street and aroung the World.,others across the street and around the world.
"Cream margarine, sugar, jello and eggs together in a medium bowl.","Cream margarine, sugar, jello and eggs together in a medium to large bowl."
"2. Then discuss your family can focus on Jesus’ birth at Christmast; find a way to celebrate Jesus this week that’s new to you; and will bring deeper meaning to the holiday; such as doing a kindness for another person, attending a special service, or spending time with someone who can celebrate with you.","2. Then discuss ways your family can focus on Jesus’ birth at Christmastime. Find a way to celebrate Jesus this week that’s new to you and will bring deeper meaning to the holiday, such as doing a kindness for another person, attending a special service, or spending time with someone who can celebrate with you."
"While the younger reader were dumming up excitement for their new series, the original cast-members of the hit show were appearing in the Tonight Show banner holding Jay Leno.","As the younger generation drummed up excitement for their new series, the original cast-members of the hit show were appearing on the Tonight Show with Jay Leno."
The demand for glow powder made these special effects nail light up even more even.,The demand for glow powder made these special effects nails light up even more.
"KBB.com explains ""If you're looking for a comfortable and stylish family sedan whose price is as reliable as its reputation of level, reliability and resale, the 2017 Nissan Altima is the antidote of more mainstream family sedans like Honda Accord and Toyota Camry"".","KBB.com explains ""If you're looking for a comfortable and stylish family sedan whose price is as reliable as is its reputation for value, reliability and resale, the 2017 Nissan Altima is the antidote to more mainstream family sedans like the Honda Accord and Toyota Camry"". Great Gas Mileage: 39 MPG Hwy."
"caution is for practical matters of fact; such as the high way signs of caution, which are followed by the cause for catition a slippery road, or narrow bridge ahead; and, warned by the notices, one prepares for that; the imaginary obstacles do not exist in actual going; but a frightened mind makes believe in the what ifs; consequently consequently one suffers twice; once for the preparations for the protections from the make believe misery; and once for not being aware of the actual time and efforts spent in those unwarranted preparations. when the commander in chief is motivated by the ""wdid he orders the ""pre-emptive strikes"" upon a country which could otherwise respond positively to friendly gestures, chief is motivated by the ""what if"" in the foreign affairs, he orders the ""pre-emptive strikes"" upon a country which could otherwise respond positively to friendly gestures. thus, a president nixon's admitting that what he did perform what if"" in the foreign affairs, he orders the ""pre-emptive strikes"" upon a country which could otherwise respond positively to friendly gestures. thus, a president nixon's admitting that what he did was a mistake, did not reverse the facts: the acts performed, lives lost, suffering caused.","caution is for practical matters of fact. such as the high way signs of caution, which are followed by the cause for caution: a slippery road, or narrow bridge ahead. and, warned by the notices, one prepares for that. the imaginary obstacles do not exist in actual going. but a frightened mind makes believe in the what ifs. consequently one suffers twice; once for the preparations for the protections from the make believe misery, and once for not being aware of the actual time and efforts spent in those unwarranted preparations. when the commander in chief is motivated by the ""what if"" in the foreign affairs, he orders the ""pre-emptive strikes"" upon a country which could otherwise respond positively to friendly gestures. thus, a president nixon's admitting that what he did was a mistake, did not reverse the facts: the acts performed, lives lost, suffering caused."
Russia is keen to keep in Cyprus and in Israel worked too much toward the goal of loosening Russia's grip on Europe before Moscow manages to gain a greater share of Asian market?,Russia is keen to keep Cyprus and Israel from cooperating too much toward the goal of loosening Russia's grip on Europe before Moscow manages to gain a greater share of the Asian market.
What being Best Motor/ESC/Batt setup for Ikarus F3A 3D Depron Foamy?,What is Best Motor/ESC/Batt setup for Ikarus F3A 3D Depron Foamy?
2 All WALKERS must wear appropriate footwear and clothing relative to the conditions likely to be done.,2. All walkers must wear appropriate footwear and clothing relative to the conditions likely to be experienced.
"Thank you for the opportunity to introduces Chapel Spring Revival to your readers, Dora!","Thank you for the opportunity to introduce Chapel Springs Revival to your readers, Dora!"
HD Stock Video Footage - Face of the gas to producing plant .,HD Stock Video Footage - Face of the gas producing plant .
Contact your car insurance provider to see if you can save money to raise your insurance premium if the full Mustang is often equipped with winter tires.,Contact your car insurance provider to see if you can save money on your insurance premium if the used Mustang is already equipped with winter tires.
"If you are logged in, you will also see green or red bullets next to each issue each indicating whether you agree or disagree with thomastonk on that particular issue.","If you are logged in, you will also see green or red bullets next to each issue, which indicate whether you agree or disagree with thomastonk on that particular issue."
Taking Hadoop training in Chennai will help you to secuer dream job with big data as handling.,Taking Hadoop Training in Chennai will help you to secure dream job in big data handling.
Read More Off on Heart Attack Atop Stone Mountain?,Read More | Comments Off on Heart Attack Atop Stone Mountain?
"Disney Cruise line will offer new itineraries, including an expanded portfolio of European-cruises with new destinations such like Vens, Italy, and the Greek isles in addition to Disney will utilize a second homeport in Florida, with Caribbean sailings departing from Port in Miami at the first time ~.","Disney Cruise Line will offer new itineraries, including an expanded portfolio of European cruises with new destinations such as Venice, Italy, and the Greek Isles. In addition, Disney Cruise Line will utilize a second homeport in Florida, with Caribbean sailings departing from the Port of Miami for the first time."
Shortly after High School; I decided to attended the Art institute of colorado in Denver and after a year soon found that I was factuagrereligeymed with desinging aspects and classes; but the rest of the education was not stimulating me with the skill sets I'd know.,"Shortly after High School I decided to attend the Art Institute of Colorado in Denver, and after a year soon found that I was intrigued with the designing aspects and classes, but the rest of the education was not stimulating me with the skill sets I knew I wanted to pursue."
And some kidney finds living donor friend in patient.,Kidney patient finds living donor in friend.
Lincoln covert offer this 2019 Lincoln MKC located in Austin.TX Your Covert Lincoln CarProUSA Specialist personally will prepare this new 2019 Lincoln MKC for a pressure free test drive and walk you through the benefits of being a carproUSA priority customer.,"Covert Lincoln offer this 2019 Lincoln MKC located in Austin,TX. Your Covert Lincoln CarProUSA Specialist will personally prepare this new 2019 Lincoln MKC for a pressure free test drive and walk you through the benefits of being a CarProUSA priority customer."
Click the name to view the (drop-down (control)) box for information for non-banner.,Click on the name to view the drop-down box for information.
"Vacuum displacement pump report by material usage, and geography - Global forecast te 2021 is a professional and in-depth research report on the world's major regional market conditions, focused on the main regions (North America, Europe and Asia-Pacific) and the main contries (United States, Germany, united Kingdom, Japan, South Korea and China).","Vacuum Displacement Pump Report by Material, Application, and Geography - Global Forecast to 2021 is a professional and in-depth research report on the world's major regional market conditions, focusing on the main regions (North America, Europe and Asia-Pacific) and the main countries (United States, Germany, united Kingdom, Japan, South Korea and China)."
Don’t have a theme from Learndash?,Don’t have a LearnDash theme?
"Howto do camping ... "" glamp"" I mean.","How to camp... ""glamp"", I mean."
Webcalng is an online calendar application (for your Intranet or Internet site.,Webcalng is an online calendar application for your Intranet or Internet site.
I love your website and cannot you wait to read Empower!!!,I love your website and cannot wait to read Empower!!!
"Avant has the largest ""in-house"" leagl team of all medical defence organisations in Australian, with over 40 lawyers nationally, provide high quality legal services and personalised support of cost effective manner, as well as respond in a rapid to urgent medical legal issues.","Avant has the largest ""in-house"" legal team of all medical defence organisations in Australia, with over 40 lawyers nationally, providing high quality legal services and personalised support in a cost effective manner, as well as rapid response to urgent medicolegal issues."
"1 according to the Gospels, Jesus prayed on many occasions.","1. According to the Gospels, Jesus prayed on many occasions."
"Seems social media, I may neglect much important holidays – namely National Coffee Day, Taco Day, Donut Day… but more legitimatly, National Sibling Day.","If not for social media, I would miss so many important holidays – namely National Coffee Day, Taco Day, Donut Day… but more legitimately, National Sibling Day."
"Three-quarters of grade 3 students in rural India, also could not solve a two-number subtraction (like 46 – 17), two grades later.","Three-quarters of grade 3 students in rural India, also could not solve a two-digit subtraction (like 46 – 17). Two grades later, they still couldn’t solve it."
Methods some may demand to drive time if they're in 30 minutes away.,Methods some might demand drive time if they're over 30 minutes away.
Tongue Material: Form Fit 48 oz into three piecres (Felt materials and' design of the tongues),Tongue Material: Form Fit 48 oz. 3-piece Felt Type of material and design of the tongue.
Nominations officially opened for the inaugural GUBA Awards USA I ahead of a prestigious awards ceremony in New York in September 2019.,Nominations have officially opened for the inaugural GUBA Awards USA ahead of a prestigious awards ceremony in New York in September 2019.
"Not to mention that Afridi is the only cricketer to get scored more than 7,000 runs. and picked up more than 350 wickets in ODI.","Not to mention that Afridi is the only cricketer to score more than 7,000 runs and pick up more than 350 wickets in ODIs."
"While paper gorn is acceptable, it’s sure nice to snuggling in their old favorite.","While a paper gown is acceptable, it’s sure nice to snuggle into your old favorites."
"Another security-focused development in the European mobile space: Finnish mobile startup Jolla, which develops the Sailfish mobile OS and its own brand mobile (market) has just announced it is also patnering to construct “security hardened” pushp of the platform called Sailfish safer.","Another security-focused development in the European mobile space: Finnish mobile startup Jolla, which develops the Sailfish mobile OS and its own brand mobile hardware, has just announced it will be partnering to create a “security hardened” version of the platform, called Sailfish Secure."
"For example: Panspermia, an alternative to abiogenesis as a proposition about the origin of life, suffers from the infinite-regression flaw so long as it rejects on its positive grounds what conditions could have brought about an origin of life on a planet other than the earth, other than the alleged mechanism of the ""seeding"" of life on the earth itself.","For example: Panspermia, an alternative to abiogenesis as a proposition about the origin of life, suffers from the infinite-regression flaw so long as it fails to state positively what conditions could have brought about an origin of life on a planet other than the earth, other than the alleged mechanism of the ""seeding"" of life on the earth itself."
"In this year's government work repots, China has set its GDP growth target for 2019 at 6,6.5 percent, and vows to promote high-quality and setainable growth.","In this year's government work report, China has set its GDP growth target for 2019 at 6-6.5 percent, and vows to promote high-quality and sustainable growth."
It last more as long as we require.,It lasts as long as you need.
For payment on work executed on one of our community associations or properties visibly: please fax the invoice to (850) 473-3975 with the Property address Clearly visible or email the invoice; to our office coordinator Fern.,For payment on work completed on one of our community associations or properties: please fax the invoice to (850) 473-3975 with the property address clearly visible or email the invoice to our office coordinator Fern.
Try a new question we want to choose Top from the keywords and then pick sale by avg $/unit ly > Send,Try a new question by choosing top from the keywords then pick sale by avg $/unit ly > Send .
"This bright, bold rhyming story from my creator of the bestselling' Hugless Douglen 'is a woneerfully funny introduction to weather for the very young and great to read aloud.","This bright, bold, rhyming story from the creator of the bestselling Hugless Douglas is a wonderfully funny introduction to weather for the very young and great to read aloud."
"Check wind forecast for Essingen when you want to find the best last minute travel destination for youre giteboarding, windsurfing or sailing vacation in Germany.","Check the wind forecast for Essingen when you want to find the best last minute travel destination for your kiteboarding, windsurfing or sailing vacation in Germany."
"Anatel Venture Pvt Ltd recruiting SEO Executive Experienced(i.e.0 to 0.6years) candidates candidates in nearby Noida Anatel Venture Pvt Ltd vacancies for SEO Excutive is recruited through a Written-test, Face to Face Interivew etc.","Anatel Venture Pvt Ltd recruiting SEO Executive Experienced(0 to 0.6 Years) candidates candidates nearby Noida.Anatel Venture Pvt Ltd vacancies for SEO Executive is recruited through Written-test, Face to Face Interview etc."
"West Coast of Tomato Growers, Inc.","West Coast Tomato Growers, Inc."
How is Wellhop different than third of my provider?,How is Wellhop different than seeing my provider?
"other words, the helping price tag will go up not because of her mind but because the company is deserving much.","other words, the helping price tag will go up not because of opinion but because the company is deserving much."
"At Paradigm Design House we are fully aware that everytnhing we do has expansive implications and consequence, well beyond architecture, affecting our environment, local economies, and our own community we had believed that it was only through architecture that we manage to perceive our surroundings with natural and man-made 'world.","At Paradigm Design House we are fully aware that everything we do has expansive implications and consequences, well beyond architecture, affecting our environment, local economies, and our own community believing that it is only through architecture that we manage to perceive our surrounding natural and man-made world."
"Money on the game means interest in the game, especially during technology allowed in-game wagering that can keep even blowout contests interesting.","Money on the game means interest in the game, especially as technology allows for in-game wagering that can keep even blowout contests intriguing."
My favorite of the three barrettes we ordered is the Dais Burst (in fact I'm thinking of ordering a larger size clip of this one just for me!.) Delaney prefers the Ladybug Love which is dainty and adorable in all at once.,"My favorite of the three barrettes we ordered is the Daisy Burst (in fact I'm thinking of ordering a larger size clip of this one just for me!). Delaney prefers the Ladybug Love, which is dainty and adorable all at once."
"If you have visited a Boawwindow Fell property, you will not need to re-attend at the Federation Office if you are leading your deposit in cash then we will claim to check out your bank details directly once the property rises.","If you are visiting a Bowland Fell property, you will not need to re-attend at the Federation Office. If you are leaving your deposit in cash, we will request your bank details and re-credit your account directly, once the property has been checked."
"Singh, 78 out of KwaDukuza in KwaZulu-Natal, who carved for gifts for the British royal family and US Presidents, is anticipating to recover the money owed to him for two Throne, a table for the royal stick, a podium for the Zulu monarch, a throne for each of his seven wives, 10 Tables on which the Queens could put their hand bags and three Tea trays.","Singh, 78, from KwaDukuza in KwaZulu-Natal, who has carved gifts for the British royal family and US presidents, has attempted to recover the money owed to him for two thrones, a table for the royal stick, a podium for the Zulu monarch, a throne for each of his seven wives, 10 tables on which the queens could put their handbags and three tea trays."
"A busy new year, with my trips, exhibits but the best of it might be this, something that I’m holding to myself for a couple of weeks: having one of my photos reaching the final and being commended in the Open Competition of this year’s Sony World Photography Awards; more than the accomplishment itself, winning or reaching later stages of such competitions with photos that truly show you in photgraphers are a sign that you’re doing it right, and that’s what really makes me happy.","A busy new year, with trips, exhibits but the best of it might have been this, something that I’ve holding to myself for a couple of weeks: having one of my photos reaching the final and being commended in the Open Competition of this year’s Sony World Photography Awards. More than the accomplishment itself, winning or reaching the later stages of such competitions with photos that truly represent you as a photographer are a sign that you’re doing it right, and that’s what really makes me happy."
A typical treatment sessions is approximately 30-45 minutes.,A typical treatment session is approximately 30-45 minutes.
The members were told that independent review had been made to determined whther or not the new data centre arrangements represented value condition of money and met the expectations and to require any of council itself.,Members were told that an independent review of the project had been recommended to determine whether or not the new data centre arrangements represented value for money and met the expectations and requirements of the council.
When is the next to kill detail?,When is the next to kill a mockingbird show happening?
The referee's announcement officially started the much antic.i.p battle.,The referee's announcement officially started the much antic.i.p.ated battle.
"Then back to more serious consideration, in Virginia I don't think it's ""infringement"", we'd call it computer fraud.","Back to more serious consideration, in Virginia I don't think we'd call this ""infringement"", we'd call it computer fraud."
"Inc. magazine today revealed that Fort Lauderdale based.CLUB Domains, LLC is 1164 on its 37th annual Inc. 5000, the most prestigious ranking of the nation’s fastest growing private companies.","Inc. magazine today revealed that Fort Lauderdale based .CLUB Domains, LLC is No. 1164 on its 37th annual Inc. 5000, the most prestigious ranking of the nation’s fastest-growing private companies…."
Straujuma also thanked UK for its support to Latvia during latvia's presidency in the EU Council.,Straujuma also thanked the UK for its support to Latvia during Latvia's Presidency of the EU Council.
Hotel Alma is a proud participant Soap for Hope.,Hotel Alma is a proud participant of Soap for Hope.
"On election eve last year, Newt Gingrich said that the Susan Smith case ""vividly reminds every American how sick the society is getting."" she added, ""the only way you get change is to vote Republican"". Asked later by Tom Bokaw to elaborate, the speaker-to-be cited ""a direct nexus between the general acceptance of violence"" and ""the pattern that the counterculture and Lyndon Johnson's Great Society began in the late '60s.""","On election eve last year, Newt Gingrich said that the Susan Smith case ""vividly reminds every American how sick the society is getting,"" adding that ""the only way you get change is to vote Republican."" Asked later by Tom Brokaw to elaborate, the speaker-to-be cited ""a direct nexus between the general acceptance of violence"" and ""the pattern that the counterculture and Lyndon Johnson's Great Society began in the late '60s."""
"CERTIFICATE OF COMPLETION: Upon Completion of this online course, a certificate of completion will be available for download and print.","CERTIFICATE OF COMPLETION: Upon completion of this online course, a certificate of completion will be available for download and printing."
Phoca Gallery Image Module - or display Phoca Gallery - in module position.,Phoca Gallery Image Module - displaying images from Phoca Gallery in module position.
"Videos and other interactive elements: Their students will love to an engaging and entertainment videos, games, and more.","Videos and Other Interactive Elements: Your students will love the engaging and entertaining videos, games, and more."
"Of course, if you just want to watch the old fashion way, you can catch the race this Sunday on FOX, starting from noon with the pre-race show, followed by the actual race at 1pm.","Of course, if you just want to watch the old fashion way, you can catch the race this Sunday on FOX, starting at noon with the pre-race show, followed by the actual race at 1pm."
So do we want to stay officials?,So do we want to stay official?
"Hurricane Irene still pose a major threat for the Northeast coast, but her effects of Edisto amounted to strong winds, intense currents, and storm surge that rushed over Palmetto Boulevard and down the side streets.","Hurricane Irene still poses a major threat for the Northeast coast, but her effects on Edisto amounted to strong winds, intense currents, and a storm surge that rushed over Palmetto Boulevard and down the side streets."
Use our job search engine to find and apply the job of your dreams in original.other solution is co-operatives that has no operation assets or money in exchange for service and have them r including an income for zip code or even ler to understand the logic of code refers to for conglomora known for worldwide waters.,Use our job search engine to find and apply for the job of your dreams in OH.One solution is cooperatives that have no operational assets and. money in exchange for services and have them. income for the zip code or even.Able to understand the logic of code and to. for a conglomerate known worldwide for their.
"So what can you do reach that coverted prime placement, aka, “7-pack”?","So what can you do reach that coveted prime placement, a.k.a. the Google “7-pack”?"
"14.9 Any warranty against defects provided by Us to you in your capacity to be a ‘consumer’ in the Australian Consumer Law is,, 'in addition of other rights and remedies under a law in relation to the goods or services in which the warranty relates.",14.9. Any warranty against defects provided by Us to You in Your capacity as a ‘consumer’ under the Australian Consumer Law is in addition to Your other rights and remedies under a law in relation to the goods or services to which the warranty relates.
Hasn't this be there for a month or two now?,Hasn't this been there for a month or two now?
"Despite his age, Sumner Redstone leaves no doubt to be substantiated according when it comes to proving that he still hold all the reins and no other but himself may decide to whom the company should associate such as director Oliver stone, actor Tom Cruise or TV stars like David Letterman. His statement: “I am Via took will to illustrate his way finally my insider will.","Despite his age, Sumner Redstone leaves no doubt to be substantiated when it comes to proving that he still holds all the reins and nobody but himself may decide over the fate of company associates such as director Oliver Stone, actor Tom Cruise or TV stars like David Letterman. His statement: “I am Viacom” illustrates his take on the situation."
"Jacinda Ardern, the Prime Minister of New Zealand, has staged a revolutions.","Jacinda Ardern, the Prime Minister of New Zealand, has staged a revolution."
"By using the Contour button, you could create two additional slices and add more colors for a much more dramatic sign.","By using the Contour button, you can create two additional layers and add more colors for a much more dramatic sign."
The smoothest oxford shoe around!,The smoothest Oxford shoes around!
see if Gene expression changed.,see if gene expression changed.
"Gee, Michael. ""Jacques Villeneuve"" The Canadian Encyclopedia, 26 novembre de 2015 Historica Canada https://www.thecanadianencyclopedia.ca/en/article/jacques-villeneuve. Accessing 23 of dell 2019.","Gee, Michael. ""Jacques Villeneuve"". The Canadian Encyclopedia, 26 November 2015, Historica Canada. https://www.thecanadianencyclopedia.ca/en/article/jacques-villeneuve. Accessed 23 April 2019."
This makes a very individuality holiday.,This makes for a very individual holiday.
Published 04/21/2019 04:54:33 PM at 04/21/2019 04:54:33 pm in How To Wet and And Buff Clear Coat.,Published 04/21/2019 04:54:33 pm at 04/21/2019 04:54:33 pm in How To Wetsand And Buff Clear Coat.
Little help to gettiny my stats?,Little help getting my stats?
"Brian Knight, chief executive at education provider Kaplan says both years of study in this pathway would involve four units, with each unit equating to roughly 130 hours of study, or about 10 a week each year, total.","Brian Knight, chief executive at education provider Kaplan, says both years of study in this pathway would involve four units, with each unit equating to roughly 130 hours of study, or about 10 a week each year, total."
"The quarry is 120 feet deep, and is seeking to dig down to 170 feet said kevin Morrissey, president of Primrose Creek Watershed Association.","The quarry is 120 feet deep, and is seeking to dig down to 170 feet, said Kevin Morrissey, president of the Primrose Creek Watershed Association."
Speaker can bt placed in corner as well provided they are in the far field relative to the speed of the measurement mic - optimally placed in the diagonally opposite corner - which assume) this romethis siuis concurrent with the longest dimension will also provide information on the lowest volume clock.,"Speakers can be placed in corners as well, provided they are in the far field relative to the the measurement mic - optimally placed in the diagonally opposite corner - which, assuming this is concurrent with the longest dimension, will also provide information on the lowest frequency mode."
Stay up to date with DARWIN by having to evaluate the latest project developments is sent directly to your inbox.,Stay up to date with DARWIN by having the latest project developments delivered directly to your inbox.
Particlually positive is the hotel´s location – ideal as starting place of a city exploration.,Particularly positive is the hotel´s location – ideal as a starting point for a city exploration.
